Train_No,Train_Name,Source_Station_Name,Destination_Station_Name,days
107,SWV-MAO-VLNK,SAWANTWADI ROAD,MADGOAN JN.,Saturday
401,BSB BHARATDA,AURANGABAD,VARANASI JN.,Saturday
1196,NGP-KRMI SPL,NAGPUR JN.(CR),KARMALI,Saturday
1706,JBP-BDTS SF,JABALPUR,BANDRA TERMINUS,Saturday
2834,SRC-RJT SF A,SANTRAGACHI JN.,RAJKOT,Saturday
3305,DHN-KUSUNDA,DHANBAD JN.,KUSUNDA,Saturday
3502,ANVT-JSME BI,ANAND VIHAR TERMINAL,JASIDIH JN.,Saturday
4802,MKN PBC PASS,MAKRANA JN.,PARVATSAR CITY,Saturday
5066,LJN-CPR-EXP,LUCKNOW JN.,CHHAPRA JN.,Saturday
5306,FBD- CPA EXP,FARRUKHABAD JN,KANPUR ANWARGANJ,Saturday
5521,JMP-SHC SPEC,JAMALPUR JN.,SAHARSA JN.,Saturday
5719,KIR - SGUJ D,KATIHAR JN.,SILIGURI JN.,Saturday
5863,RNY - RPAN P,RANGIYA JN.,RANGAPARA NORTH,Saturday
5864,RPAN - RNY P,RANGAPARA NORTH,RANGIYA JN.,Saturday
6043,MAS-QLN SPL,CHENNAI CENTRAL,QUILON,Saturday
6053,KCVL-MAJN S/,KOCHUVELI,MANGALORE JN,Saturday
6068,CBE-CGL TRI-,COIMBATORE  JN.,CHENGALPATTU,Saturday
6594,BYPL-WFD DEM,BAIYYAPPANAHALLI,WHITE FIELD,Saturday
6595,YPR-CBP PASS,YESVANTPUR JN.,DEVANHALLI,Saturday
6919,UBL-BJP SPL,HUBLI JN.,BIJAPUR JN,Saturday
7006,RXL-HYB,RAXAUL JN.,HYDERABAD DECCAN,Saturday
7016,KCG-VSKP,KACHEGUDA,VISAKHAPATNAM,Saturday
7134,QLN-GNT-HYB,QUILON,HYDERABAD DECCAN,Saturday
7410,TPTY-AK,TIRUPATI,AURANGABAD,Saturday
7425,KCG--COA HSP,KACHEGUDA,KAKINADA PORT,Saturday
7436,SC-COA,SECUNDERABAD JN.,KAKINADA TOWN,Saturday
7607,NED-TPTY HOL,NANDED,TIRUPATI,Saturday
8035,BLS - KGP DE,KHARAGPUR,BALASORE,Saturday
8052,JGM KGP MEMU,JHARGRAM,KHARAGPUR,Saturday
8627,HWH RNC SPL,HOWRAH JN.,RANCHI,Saturday
9003,BDTS NZM  SF,BANDRA TERMINUS,HAZRAT NIZAMUDDIN JN,Saturday
9622,BDTS AII SF,BANDRA TERMINUS,AJMER JN.,Saturday
9809,KOTA-NZM DAI,KOTA,HAZRAT NIZAMUDDIN JN,Saturday
10112,KONKAN KANYA,MADGOAN JN.,CST-MUMBAI,Saturday
11005,DR-PDY EXPRE,DADAR,PONDICHERRY,Saturday
11006,CHALUKYA EXP,PONDICHERRY,DADAR,Saturday
11015,KUSHINAGAR E,LOKMANYA TILAK TERMINUS,GORAKHPUR JN.,Saturday
11021,DR-TEN EXPRE,DADAR,TIRUNELVELI JN,Saturday
11022,TEN - DR EXP,TIRUNELVELI JN,DADAR,Saturday
11026,PUNE-BSL EXP,PUNE JN.,BHUSAVAL JN.,Saturday
11031,SUR-BJP EPXR,SOLAPUR,BIJAPUR JN,Saturday
11042,MAS-CSMT MUM,CHENNAI CENTRAL,CST-MUMBAI,Saturday
11049,ADI-KOP EXPR,AHMEDABAD,CHHATRAPATI SHAHU MAHARAJ TERMINUS,Saturday
11050,KOP-ADI EXPR,CHHATRAPATI SHAHU MAHARAJ TERMINUS,AHMEDABAD,Saturday
11067,SAKET EXPRES,LOKMANYA TILAK TERMINUS,FAIZABAD JN.,Saturday
11072,KAMAYANI EXP,VARANASI JN.,LOKMANYA TILAK TERMINUS,Saturday
11078,JHELUM EXPRE,JAMMU TAWI,PUNE JN.,Saturday
11079,LTT-GKP EXPR,LOKMANYA TILAK TERMINUS,GORAKHPUR JN.,Saturday
11086,MAO-LTT DOUB,MADGOAN JN.,LOKMANYA TILAK TERMINUS,Saturday
11097,POORNA EXPRE,PUNE JN.,ERNAKULAM. JN,Saturday
11304,KOP-HYB EXPR,CHHATRAPATI SHAHU MAHARAJ TERMINUS,HYDERABAD DECCAN,Saturday
11404,KOP-NGP EXPR,CHHATRAPATI SHAHU MAHARAJ TERMINUS,NAGPUR JN.(CR),Saturday
11408,LJN-PUNE EXP,LUCKNOW JN.,PUNE JN.,Saturday
11704,INDB-REWA EX,MHOW,REWA,Saturday
11802,ETW-JHS LINK,ETAWAH,JHANSI JN,Saturday
11901,MTJ-KKDE EXP,MATHURA JN.,KURUKSHETRA JN.,Saturday
12008,MYS-MAS SHAT,MYSORE JN.,CHENNAI CENTRAL,Saturday
12018,DDN-NDLS SHA,DEHRA DUN,NEW DELHI,Saturday
12021,HOWRAH-BARAB,HOWRAH JN.,BARBIL,Saturday
12042,NJP - HWH SH,NEW JALPAIGURI JN,HOWRAH JN.,Saturday
12047,BHATINDA SHA,NEW DELHI,FIROZPUR CANTT JN.,Saturday
12070,G - RIG JANS,GONDIA JN.,RAIGARH,Saturday
12076,TVC - CLT JA,TRIVANDRUM CENTRAL,CALICUT,Saturday
12084,CBE-MV JAN S,COIMBATORE  JN.,MAYILADUTURAI JN.,Saturday
12085,GHY-DBRG SHA,GUWAHATI,DIBRUGARH,Saturday
12101,JNANESWARI D,LOKMANYA TILAK TERMINUS,HOWRAH JN.,Saturday
12104,LJN-PUNE EXP,LUCKNOW JN.,PUNE JN.,Saturday
12109,PANCHAVATI E,CST-MUMBAI,MANMAD JN.,Saturday
12115,CSTM-SUR SID,CST-MUMBAI,SOLAPUR,Saturday
12116,SUR-CSMT SID,SOLAPUR,CST-MUMBAI,Saturday
12126,PRAGATI EXPR,PUNE JN.,CST-MUMBAI,Saturday
12128,INTERCITY EX,PUNE JN.,CST-MUMBAI,Saturday
12133,CSMT-MAJN EX,CST-MUMBAI,MANGALORE JN,Saturday
12135,PUNE-NGP EXP,PUNE JN.,NAGPUR JN.(CR),Saturday
12141,LTT-PPTA EXP,LOKMANYA TILAK TERMINUS,PATLIPUTRA,Saturday
12145,LTT-PURI WEE,LOKMANYA TILAK TERMINUS,PURI,Saturday
12149,PUNE-DNR EXP,PUNE JN.,DANAPUR,Saturday
12153,LTT-HBJ EXPR,LOKMANYA TILAK TERMINUS,HABIBGANJ,Saturday
12158,HUTATMA EXPR,SOLAPUR,PUNE JN.,Saturday
12159,AMI- JBP SUF,AMRAVATI,JABALPUR,Saturday
12167,LTT(T)-BSB S,LOKMANYA TILAK TERMINUS,VARANASI JN.,Saturday
12169,SUR INTERCIT,PUNE JN.,SOLAPUR,Saturday
12173,LTT-CNB EXPR,LOKMANYA TILAK TERMINUS,PARTAPGARH JN.,Saturday
12185,HBJ-REWA REW,HABIBGANJ,REWA,Saturday
12189,JBP-NZM MAHA,JABALPUR,HAZRAT NIZAMUDDIN JN,Saturday
12193,YPR-JBP WEEK,YESVANTPUR JN.,JABALPUR,Saturday
12195,AF-AII INTER,AGRA  FORT,AJMER JN.,Saturday
12196,AII-AF INTER,AJMER JN.,AGRA  FORT,Saturday
12206,NANDA DEVI E,DEHRA DUN,NEW DELHI,Saturday
12208,JAT-KGM GARI,JAMMU TAWI,KATHGODAM,Saturday
12236,NDLS-GHY RAJ,NEW DELHI,DIBRUGARH,Saturday
12237,BSB-JAT EXP.,VARANASI JN.,JAMMU TAWI,Saturday
12240,JP BCT DURON,JAIPUR JN.,MUMBAI CENTRAL,Saturday
12242,ASR-CDG SUPE,AMRITSAR JN.,CHANDIGARH,Saturday
12246,YPR - HWH WE,YESVANTPUR JN.,HOWRAH JN.,Saturday
12250,ANVT-HWH YUV,ANAND VIHAR TERMINAL,HOWRAH JN.,Saturday
12252,WAINGANGA EX,KORBA,YESVANTPUR JN.,Saturday
12265,DEE-JAT DURO,DELHI-SARAI ROHILLA,JAMMU TAWI,Saturday
12266,JAT-DEE,JAMMU TAWI,DELHI-SARAI ROHILLA,Saturday
12279,TAJ EXPRESS,JHANSI JN,HAZRAT NIZAMUDDIN JN,Saturday
12294,ALD-LTT DURA,ALLAHABAD JN.,LOKMANYA TILAK TERMINUS,Saturday
12308,JU-HWH SUPFA,JODHPUR JN.,HOWRAH JN.,Saturday
12310,PATNA RAJDHA,NEW DELHI,RAJENDRANAGAR TERMINAL,Saturday
12328,UPASANA EXPR,DEHRA DUN,HOWRAH JN.,Saturday
12353,HWH LKU EXP,HOWRAH JN.,LALKUA JN.,Saturday
12358,ASR KOAA SUP,AMRITSAR JN.,KOLKATA,Saturday
12368,VIKRAMSHILA,ANAND VIHAR TERMINAL,BHAGALPUR,Saturday
12383,SDAH-ASN INT,SEALDAH,ASANSOL MAIN,Saturday
12391,SHRAMJEEVI E,RAJGIR,NEW DELHI,Saturday
12392,SHRAMJEEVI E,NEW DELHI,RAJGIR,Saturday
12396,ZIYARAT EXPR,AJMER JN.,RAJENDRANAGAR TERMINAL,Saturday
12398,MAHABODHI EX,NEW DELHI,GAYA JN.,Saturday
12401,MAGADH EXPRE,ISLAMPUR,NEW DELHI,Saturday
12408,KARMABHOOMI,AMRITSAR JN.,NEW JALPAIGURI JN,Saturday
12421,NED-ASR SUPE,NANDED,AMRITSAR JN.,Saturday
12423,DBRT-NDLS RA,DIBRUGARH TOWN,NEW DELHI,Saturday
12437,RAJDHANI EXP,SECUNDERABAD JN.,HAZRAT NIZAMUDDIN JN,Saturday
12452,SHRAM SHKTI,NEW DELHI,KANPUR CENTRAL JN.,Saturday
12453,RNC-NDLS,RANCHI,NEW DELHI,Saturday
12457,DEE BKN  S F,DELHI-SARAI ROHILLA,BIKANER JN.,Saturday
12475,HAPA JAT EXP,HAPA,SHRI MATA VAISHNO DEVI KATRA,Saturday
12478,SVDK- JAMNAG,SHRI MATA VAISHNO DEVI KATRA,JAMNAGAR,Saturday
12480,SURYANAGARI,BANDRA TERMINUS,JODHPUR JN.,Saturday
12489,BKN DDR SF E,BIKANER JN.,DADAR,Saturday
12517,GARIB RATH E,KOLKATA,GUWAHATI,Saturday
12530,LJN PPTA S F,LUCKNOW JN.,PATLIPUTRA,Saturday
12532,LJN- GKP INT,LUCKNOW JN.,GORAKHPUR JN.,Saturday
12539,YPR-LKO EXPR,YESVANTPUR JN.,LUCKNOW JN.,Saturday
12542,LTT-GKP-SUPE,LOKMANYA TILAK TERMINUS,GORAKHPUR JN.,Saturday
12554,VAISHALI EXP,NEW DELHI,BARAUNI JN.,Saturday
12557,SAPT KRANTI,MUZAFFARPUR JN.,ANAND VIHAR TERMINAL,Saturday
12562,SWATANTRTA S,NEW DELHI,JAYNAGAR,Saturday
12587,AMAR NATH EX,GORAKHPUR JN.,JAMMU TAWI,Saturday
12591,GKP-SBC EXP,GORAKHPUR JN.,YESVANTPUR JN.,Saturday
12597,GKP-CSMT-WEE,GORAKHPUR JN.,CST-MUMBAI,Saturday
12619,MATSYAGANDHA,LOKMANYA TILAK TERMINUS,MANGALORE CENTRAL,Saturday
12621,MAS-NDLS TAM,CHENNAI CENTRAL,NEW DELHI,Saturday
12623,TRIVANDRUM M,CHENNAI CENTRAL,TRIVANDRUM CENTRAL,Saturday
12628,NDLS-SBC KAR,NEW DELHI,KRANTIVIRA SANGOLLI RAYANNA (BENGALURU STATION),Saturday
12636,MDU-MS VAIGA,MADURAI JN,CHENNAI EGMORE,Saturday
12678,ERS-SBC INTE,ERNAKULAM. JN,KRANTIVIRA SANGOLLI RAYANNA (BENGALURU STATION),Saturday
12694,TN-MS PEARL,TUTICORIN,CHENNAI EGMORE,Saturday
12701,CSMT-HYB HUS,CST-MUMBAI,HYDERABAD DECCAN,Saturday
12703,HWH-SC FALAK,HOWRAH JN.,SECUNDERABAD JN.,Saturday
12704,SC-HWH FALAK,SECUNDERABAD JN.,HOWRAH JN.,Saturday
12713,BZA-SC SATAV,VIJAYWADA JN.,SECUNDERABAD JN.,Saturday
12716,ASR-NED SACH,AMRITSAR JN.,NANDED,Saturday
12720,HYB-AII EXP,HYDERABAD DECCAN,AJMER JN.,Saturday
12728,HYB-VSKP GOD,HYDERABAD DECCAN,VISAKHAPATNAM,Saturday
12737,COA-SC GOWTA,KAKINADA PORT,SECUNDERABAD JN.,Saturday
12747,GNT-VKB PALA,GUNTUR JN.,VIKRABAD JN.,Saturday
12758,SKZR-SC  EXP,SIRPURKAGHAZ NAGAR,SECUNDERABAD JN.,Saturday
12761,TPTY-KRMR  E,TIRUPATI,KARIM NAGAR,Saturday
12768,SRC-NED  EXP,SANTRAGACHI JN.,NANDED,Saturday
12772,NGP-SC EXP,NAGPUR JN.(CR),SECUNDERABAD JN.,Saturday
12780,GOA EXPRESS,HAZRAT NIZAMUDDIN JN,VASCO-DA-GAMA,Saturday
12785,KCG-SBC EXP,KACHEGUDA,KRANTIVIRA SANGOLLI RAYANNA (BENGALURU STATION),Saturday
12812,HTE LTT EXPR,HATIA,LOKMANYA TILAK TERMINUS,Saturday
12829,CEN-BBS WEEK,CHENNAI CENTRAL,BHUBANESWAR,Saturday
12836,YPR-HTE BI-W,YESVANTPUR JN.,HATIA,Saturday
12837,HOWRAH-PURI,HOWRAH JN.,PURI,Saturday
12840,MAS-HWH MAIL,CHENNAI CENTRAL,HOWRAH JN.,Saturday
12845,BBS-YPR S/FA,BHUBANESWAR,BANGALORE CANTT.,Saturday
12857,TAMRALIPTA,HOWRAH JN.,DIGHA FS,Saturday
12870,HWH-CSTM WEE,HOWRAH JN.,CST-MUMBAI,Saturday
12872,TIG-HWH ISPA,TITLA GARH JN.,HOWRAH JN.,Saturday
12874,ANVT HTE  EX,ANAND VIHAR TERMINAL,HATIA,Saturday
12894,BLGR-BBS S/F,BALANGIR,BHUBANESWAR,Saturday
12895,HWH-PURI WEE,HOWRAH JN.,PURI,Saturday
12898,BBS-PDY S/F,BHUBANESWAR,PONDICHERRY,Saturday
12905,PBR HOWRAH E,PORBANDAR,HOWRAH JN.,Saturday
12927,VADODARA EXP,MUMBAI CENTRAL,VADODARA JN.,Saturday
12929,BL-DHD INTER,VALSAD,DAHOD,Saturday
12930,DHD - BL  IN,DAHOD,VALSAD,Saturday
12934,KARNAVATI EX,AHMEDABAD,MUMBAI CENTRAL,Saturday
12937,GARBHA EXPRE,GANDHIDHAM JN.,HOWRAH JN.,Saturday
12938,GARBHA EXPRE,HOWRAH JN.,GANDHIDHAM JN.,Saturday
12948,AZIMABAD EXP,PATNA JN.,AHMEDABAD,Saturday
12960,BHUJ DADAR E,NEW BHUJ,DADAR,Saturday
12977,MARU SAGAR E,ERNAKULAM. JN,AJMER JN.,Saturday
12984,CDG AII G RA,CHANDIGARH,AJMER JN.,Saturday
13007,U ABHATOOFAN,HOWRAH JN.,SHRI GANGANAGAR,Saturday
13009,DOON EXPRESS,HOWRAH JN.,DEHRA DUN,Saturday
13012,MLDT  HWH IN,MALDA TOWN,HOWRAH JN.,Saturday
13013,BWN-RPH TRI-,BARDDHAMAN JN.,RAMPUR HAT,Saturday
13020,BAGH EXPRESS,KATHGODAM,HOWRAH JN.,Saturday
13063,HWH BLGT EXP,HOWRAH JN.,BALURGHAT,Saturday
13104,BHAGIRATHI E,LALGOLA,SEALDAH,Saturday
13150,KANCHAN KANY,ALIPUR DUAR JN.,SEALDAH,Saturday
13153,GOUR EXPRESS,SEALDAH,MALDA TOWN,Saturday
13169,HATEBAZARE E,SEALDAH,SAHARSA JN.,Saturday
13205,SHC-DNR JANH,SAHARSA JN.,DANAPUR,Saturday
13245,NJP-RJPB CAP,NEW JALPAIGURI JN,RAJENDRANAGAR TERMINAL,Saturday
13248,RJPB-KYQ CAP,RAJENDRANAGAR TERMINAL,KAMAKHYA JN,Saturday
13301,SUVARNA REKH,DHANBAD JN.,TATANAGAR JN,Saturday
13305,DHN-GAYA INT,DHANBAD JN.,GAYA JN.,Saturday
13319,BDME-RNC EXP,DEOGHAR,RANCHI,Saturday
13424,AII- BGPWKLY,AJMER JN.,BHAGALPUR,Saturday
13430,ANVT-MLDT WK,ANAND VIHAR TERMINAL,MALDA TOWN,Saturday
13466,MLDT INTERCI,MALDA TOWN,HOWRAH JN.,Saturday
13502,ASN -  HLZ E,ASANSOL MAIN,HALDIA,Saturday
13511,TATA-ASN TRI,TATANAGAR JN,ASANSOL MAIN,Saturday
13512,ASN-TATA TRI,ASANSOL MAIN,TATANAGAR JN,Saturday
14001,DLI-ATT LINK,DELHI JN.,ATARI JN,Saturday
14007,SADBHAWNA EX,RAXAUL JN.,ANAND VIHAR TERMINAL,Saturday
14014,SADBHAWANA E,ANAND VIHAR TERMINAL,SULTANPUR JN.,Saturday
14015,SADBHAWANA E,RAXAUL JN.,ANAND VIHAR TERMINAL,Saturday
14019,AGTL-ANVT SU,AGARTALA,ANAND VIHAR TERMINAL,Saturday
14035,DLI PTK EXPR,DELHI JN.,PATHANKOT JN.,Saturday
14036,PTK DLI EXPR,PATHANKOT JN.,DELHI JN.,Saturday
14085,HARYANA EXPR,TILAK BRIDGE,SIRSA,Saturday
14212,AGC INTERCIT,NEW DELHI,AGRA CANTT,Saturday
14218,UNCHAHAR EXP,CHANDIGARH,PRAYAG JN.,Saturday
14258,KASHI V EXPR,NEW DELHI,VARANASI JN.,Saturday
14309,UJJAINI EXPR,UJJAIN JN,DEHRA DUN,Saturday
14310,UJJAIYANI EX,DEHRA DUN,UJJAIN JN,Saturday
14314,LTT-BE EXPRE,BAREILLY JN.,LOKMANYA TILAK TERMINUS,Saturday
14505,ASR-NLDM EXP,AMRITSAR JN.,NANGAL DAM,Saturday
14519,KISAN EXPRES,DELHI JN.,BATHINDA JN,Saturday
14524,UMB-MFP HARI,AMBALA CANTT JN,BARAUNI JN.,Saturday
14525,UMB - SGNR I,AMBALA CANTT JN,SHRI GANGANAGAR,Saturday
14604,JANSADHARAN,AMRITSAR JN.,SAHARSA JN.,Saturday
14659,DLI - JSM EX,DELHI JN.,JAISALMER,Saturday
14681,NDLS-JUC EXP,NEW DELHI,JALANDHAR CITY JN.,Saturday
14704,LGH JSM EXP,LALGARH JN.,JAISALMER,Saturday
14715,HSR HW EXP,HISAR JN,HARIDWAR JN,Saturday
14804,ADI BGKT EXP,AHMEDABAD,BHAGAT-KI-KOTHI,Saturday
14806,BME YPR AC E,BARMER,YESVANTPUR JN.,Saturday
14863,MARUDHAR EXP,VARANASI JN.,JODHPUR JN.,Saturday
14865,MARUDHAR EXP,VARANASI JN.,JODHPUR JN.,Saturday
14866,MARUDHAR EXP,JODHPUR JN.,VARANASI JN.,Saturday
14888,BARMER  KLK,BARMER,KALKA,Saturday
15012,LJN SRE EXP,CHANDIGARH,LUCKNOW JN.,Saturday
15022,GORAKHPUR-SH,GORAKHPUR JN.,SHALIMAR,Saturday
15025,MAU-ANVT EXP,MAU JN.,ANAND VIHAR TERMINAL,Saturday
15026,ANVR-MAU-EXP,ANAND VIHAR TERMINAL,MAU JN.,Saturday
15030,PUNE-GKP-EXP,PUNE JN.,GORAKHPUR JN.,Saturday
15033,HW-RMR EXP,HARIDWAR JN,RAMNAGAR,Saturday
15058,ANVT-GKP EXP,ANAND VIHAR TERMINAL,GORAKHPUR JN.,Saturday
15064,LTT-GKP EXP,LOKMANYA TILAK TERMINUS,GORAKHPUR JN.,Saturday
15068,BDTS-GKP EXP,BANDRA TERMINUS,GORAKHPUR JN.,Saturday
15070,BNZ-GKP INTE,BADSHAHNAGAR,GORAKHPUR JN.,Saturday
15111,CPR-BCY- INT,CHHAPRA JN.,VARANASI CITY,Saturday
15120,MUV-RMM EXPR,MANDUADIH,RAMESWARAM,Saturday
15210,ASR-SHC JANS,AMRITSAR JN.,SAHARSA JN.,Saturday
15231,BJU - GONDIA,BARAUNI JN.,GONDIA JN.,Saturday
15232,GONDIA - BJU,GONDIA JN.,BARAUNI JN.,Saturday
15236,DBG-HWH EXPR,DARBHANGA JN.,HOWRAH JN.,Saturday
15270,ADI-MFP JANS,AHMEDABAD,MUZAFFARPUR JN.,Saturday
15279,POORBIYA EXP,SAHARSA JN.,ANAND VIHAR TERMINAL,Saturday
15530,ANVT-SHC JSA,ANAND VIHAR TERMINAL,SAHARSA JN.,Saturday
15532,ASR-SHC JSAD,AMRITSAR JN.,SAHARSA JN.,Saturday
15560,ADI-DBG JANS,AHMEDABAD,DARBHANGA JN.,Saturday
15602,NDLS - SCL P,NEW DELHI,SILCHAR,Saturday
15605,KYQ-DBRG IC,FURKATING JN.,DIBRUGARH,Saturday
15614,LACHIT EXPRE,MURKEONG SELEK,KAMAKHYA JN,Saturday
15621,KYQ - ANVT E,KAMAKHYA JN,ANAND VIHAR TERMINAL,Saturday
15623,BGKT KYQ WEE,BHAGAT-KI-KOTHI,KAMAKHYA JN,Saturday
15655,KYQ - SVDK E,KAMAKHYA JN,SHRI MATA VAISHNO DEVI KATRA,Saturday
15667,GADHIDHAM-KA,GANDHIDHAM JN.,KAMAKHYA JN,Saturday
15715,GAREEB NAWAJ,KISHANGANJ,AJMER JN.,Saturday
15724,SMI - NJP WE,SITAMARHI,NEW JALPAIGURI JN,Saturday
15815,KYQ-DKGN INT,KAMAKHYA JN,DEKARGAON,Saturday
15909,AVADH ASSAM,DIBRUGARH,LALGARH JN.,Saturday
15929,TBM-DBRG EXP,TAMBARAM,DIBRUGARH,Saturday
15942,DBRG-JAJ EXP,DIBRUGARH,JHAJHA,Saturday
16023,MYS-YPR EXPR,MYSORE JN.,YESVANTPUR JN.,Saturday
16085,AJJ-JTJ EXP,ARAKKONAM JN,JOLARPETTAI JN,Saturday
16086,JTJ-AJJ  EXP,JOLARPETTAI JN,ARAKKONAM JN,Saturday
16090,YELAGIRI EXP,JOLARPETTAI JN,CHENNAI CENTRAL,Saturday
16093,MAS-LJN EXPR,CHENNAI CENTRAL,LUCKNOW JN.,Saturday
16094,LJN - MAS EX,LUCKNOW JN.,CHENNAI CENTRAL,Saturday
16176,KIK-MS EXP,KARAIKAL,CHENNAI EGMORE,Saturday
16187,KIK-ERSEXP,KARAIKAL,ERNAKULAM. JN,Saturday
16204,TPTY-MAS EXP,TIRUPATI,CHENNAI CENTRAL,Saturday
16205,TLGP-MYS INT,TALGUPPA,MYSORE JN.,Saturday
16217,MYS-SNSI EXP,MYSORE JN.,SAI NAGAR SHIRDI,Saturday
16303,ERS-TVC VANC,ERNAKULAM. JN,TRIVANDRUM CENTRAL,Saturday
16315,SBC-KCVL EXP,KRANTIVIRA SANGOLLI RAYANNA (BENGALURU STATION),KOCHUVELI,Saturday
16340,NCJ-CSMT EXP,NAGERCOIL JN.,CST-MUMBAI,Saturday
16341,GUV-TVC INTE,GURUVAYUR,TRIVANDRUM CENTRAL,Saturday
16348,MAQ-TVC EXPR,MANGALORE CENTRAL,TRIVANDRUM CENTRAL,Saturday
16351,CSMT- NCJ EX,CST-MUMBAI,NAGERCOIL JN.,Saturday
16352,NCJ-CSMT EXP,NAGERCOIL JN.,CST-MUMBAI,Saturday
16359,ERS PATNA EX,ERNAKULAM. JN,PATNA JN.,Saturday
16505,GIMB SBC EXP,GANDHIDHAM JN.,KRANTIVIRA SANGOLLI RAYANNA (BENGALURU STATION),Saturday
16515,YPR-MAQ EXPR,YESVANTPUR JN.,KAWR,Saturday
16517,SBC-CAN-KAWR,KRANTIVIRA SANGOLLI RAYANNA (BENGALURU STATION),KANNUR,Saturday
16522,SBC-BWT EXP,KRANTIVIRA SANGOLLI RAYANNA (BENGALURU STATION),BANGARPET JN.,Saturday
16531,GARIB NAWAJ,AJMER JN.,KRANTIVIRA SANGOLLI RAYANNA (BENGALURU STATION),Saturday
16576,MAJN-YPR TRI,MANGALORE JN,YESVANTPUR JN.,Saturday
16606,NCJ- MAQ EXP,NAGERCOIL JN.,MANGALORE CENTRAL,Saturday
16616,CHEMMOZHI EX,COIMBATORE  JN.,MANNARGUDI,Saturday
16630,MALABAR EXPR,MANGALORE CENTRAL,TRIVANDRUM CENTRAL,Saturday
16724,QLN-MS ANANT,QUILON,CHENNAI EGMORE,Saturday
16792,PGT-PUU PALA,PALAKKAD JN,PUNALUR,Saturday
16858,MAQ-PDY WKLY,MANGALORE CENTRAL,PONDICHERRY,Saturday
16861,PDY-CAPE WKL,PONDICHERRY,KANNIYAKUMARI,Saturday
17002,SC-SNSI EXP,SECUNDERABAD JN.,SAI NAGAR SHIRDI,Saturday
17012,SKZR-SC-INTE,SIRPURKAGHAZ NAGAR,SECUNDERABAD JN.,Saturday
17032,HYB-CSMT MUM,HYDERABAD DECCAN,CST-MUMBAI,Saturday
17063,MMR-SC AJANT,MANMAD JN.,SECUNDERABAD JN.,Saturday
17213,NS-NSL EXP,NARASAPUR,NAGARSOL,Saturday
17225,BZA-UBL AMAR,VIJAYWADA JN.,HUBLI JN.,Saturday
17234,BPQ-SC BHAGY,BALHARSHAH,SECUNDERABAD JN.,Saturday
17301,MYS DHARWAD,MYSORE JN.,DHARWAD,Saturday
17302,DWR MYSORE E,DHARWAD,MYSORE JN.,Saturday
17305,UBL-LD-NZM L,HUBLI JN.,LONDA JN.,Saturday
17310,YPR VASCO EX,VASCO-DA-GAMA,YESVANTPUR JN.,Saturday
17312,VSG- CHENNAI,VASCO-DA-GAMA,CHENNAI CENTRAL,Saturday
17322,LTT-UBL WEEK,LOKMANYA TILAK TERMINUS,HUBLI JN.,Saturday
17401,TPTY-MTM NS,TIRUPATI,MACHILIPATNAM,Saturday
17402,NS MTM-TPTY,MACHILIPATNAM,TIRUPATI,Saturday
17606,KCG-MAQ EXP,KACHEGUDA,MANGALORE CENTRAL,Saturday
17614,NED-PNVL EXP,NANDED,PANVEL,Saturday
17621,AWB-RU EXP,AURANGABAD,RENIGUNTA JN.,Saturday
17642,NRKR-KCG,NARKHER,KACHEGUDA,Saturday
18006,JDB-KRPU-HWH,JAGADALPUR,HOWRAH JN.,Saturday
18047,HWH-VSGAMARA,HOWRAH JN.,VASCO-DA-GAMA,Saturday
18191,CHHAPRA-CPA,CHHAPRA JN.,FARRUKHABAD JN,Saturday
18204,CNB - DURG B,KANPUR CENTRAL JN.,DURG,Saturday
18211,DURG - JDB E,DURG,JAGADALPUR,Saturday
18234,BSP-INDB NAR,BILASPUR JN.,INDORE BG,Saturday
18236,BSP-BPL PASS,BILASPUR JN.,BHOPAL,Saturday
18244,BGKT-BSP EXP,BHAGAT-KI-KOTHI,BILASPUR JN.,Saturday
18247,BSP-REWA,BILASPUR JN.,REWA,Saturday
18310,JAT MURI SBP,MURI,SAMBALPUR JN.,Saturday
18408,SNSI-PURI WE,SAI NAGAR SHIRDI,PURI,Saturday
18409,SRIJAGANNATH,HOWRAH JN.,PURI,Saturday
18413,PRDP-PURI IN,PARADEEP,PURI,Saturday
18437,BBS-JNRD LIN,RAYAGADA JN.,JUNAGARH ROAD,Saturday
18451,HTE-PURI TAP,HATIA,PURI,Saturday
18452,PURI-HTE TAP,PURI,HATIA,Saturday
18464,SBC-BBS PRAS,KRANTIVIRA SANGOLLI RAYANNA (BENGALURU STATION),BHUBANESWAR,Saturday
18511,KRPU-VSKP BI,KORAPUT JN.,VISAKHAPATNAM,Saturday
18568,QLN-VSKP WEE,QUILON,VISAKHAPATNAM,Saturday
18612,BSB RNC EXPR,VARANASI JN.,RANCHI,Saturday
18613,RNC CPU EXPR,RANCHI,CHOPAN,Saturday
18638,BNC - HTE WE,BANGALORE CANTT.,HATIA,Saturday
19020,DEHRADUN EXP,DEHRA DUN,BANDRA TERMINUS,Saturday
19027,VIVEK EXPRES,BANDRA TERMINUS,JAMMU TAWI,Saturday
19039,AVADH EXPRES,BANDRA TERMINUS,MUZAFFARPUR JN.,Saturday
19053,ST MFP EXPRE,SURAT,MUZAFFARPUR JN.,Saturday
19168,SABARMATI EX,VARANASI JN.,AHMEDABAD,Saturday
19215,SAURASHTRA E,MUMBAI CENTRAL,PORBANDAR,Saturday
19264,DEE PORBNDR,DELHI-SARAI ROHILLA,PORBANDAR,Saturday
19324,INDB INTERCI,BHOPAL,INDORE BG,Saturday
19329,VEER BHUMI E,INDORE BG,UDAIPUR CITY,Saturday
19404,SLN ADI EXP,SULTANPUR JN.,AHMEDABAD,Saturday
19414,KOAA ADI EXP,KOLKATA,AHMEDABAD,Saturday
19415,ADI SVDK EXP,AHMEDABAD,SHRI MATA VAISHNO DEVI KATRA,Saturday
19419,MAS ADI EXPR,CHENNAI CENTRAL,AHMEDABAD,Saturday
19568,VIVEK EXPRES,OKHA,TUTICORIN,Saturday
19577,TEN  JAM EXP,TIRUNELVELI JN,JAMNAGAR,Saturday
19578,JAM TEN EXPR,JAMNAGAR,TIRUNELVELI JN,Saturday
19579,RJT DEE EXPR,RAJKOT,DELHI-SARAI ROHILLA,Saturday
19613,AJMER ASR EX,AJMER JN.,AMRITSAR JN.,Saturday
19659,SHM UDZ EXPR,SHALIMAR,UDAIPUR CITY,Saturday
19660,UDZ SHM EXP,UDAIPUR CITY,SHALIMAR,Saturday
19713,JP SC EXP,JAIPUR JN.,SECUNDERABAD JN.,Saturday
19715,JP LJN EXP,JAIPUR JN.,LUCKNOW JN.,Saturday
19806,UHP-KOTA WEE,UDHAMPUR,KOTA,Saturday
19807,KOTA-JP EXP,KOTA,JAIPUR JN.,Saturday
20502,ANVT - AGTL,ANAND VIHAR TERMINAL,AGARTALA,Saturday
20602,MDU-MAS WEEK,MADURAI JN,CHENNAI CENTRAL,Saturday
20814,JODHPUR-PURI,JODHPUR JN.,PURI,Saturday
20817,BBS-NDLS VIA,BHUBANESWAR,NEW DELHI,Saturday
21067,LTT-PBH-RBL,PARTAPGARH JN.,RAE BARELI JN.,Saturday
21107,KURJ-BSB LIN,KHAJAURAHO,MAHOBA,Saturday
22102,MMR-CSMT RAJ,MANMAD JN.,CST-MUMBAI,Saturday
22111,BSL-NGP INTE,BHUSAVAL JN.,NAGPUR JN.(CR),Saturday
22122,LKO-LTT AC S,LUCKNOW JN.,LOKMANYA TILAK TERMINUS,Saturday
22124,AJNI-PUNE-AC,AJNI,PUNE JN.,Saturday
22143,CSMT-BIDAR E,CST-MUMBAI,BIDAR,Saturday
22145,PVR - MIRAJ,PANDHARPUR,MIRAJ JN.,Saturday
22146,MRJ -PVR SUP,MIRAJ JN.,PANDHARPUR,Saturday
22161,BHOPAL-DAMOH,BHOPAL,DAMOH,Saturday
22209,NDLS DURONTO,MUMBAI CENTRAL,NEW DELHI,Saturday
22308,BKN-MTD,BIKANER JN.,MERTA ROAD JN.,Saturday
22309,HWH NJP AC E,HOWRAH JN.,NEW JALPAIGURI JN,Saturday
22323,KOAA GCT SHA,KOLKATA,GHAZIPUR CITY,Saturday
22410,ANVT-GAYA GA,ANAND VIHAR TERMINAL,GAYA JN.,Saturday
22412,NDLS-NHLN AC,NEW DELHI,NAHARLAGUN,Saturday
22418,MAHAMANA EXP,NEW DELHI,VARANASI JN.,Saturday
22427,BUI-ANVT SUF,BALLIA,ANAND VIHAR TERMINAL,Saturday
22432,UHP-ALD BI-W,UDHAMPUR,ALLAHABAD JN.,Saturday
22444,BDTS  CNB EX,BANDRA TERMINUS,KANPUR CENTRAL JN.,Saturday
22452,CDG - BDTS E,CHANDIGARH,BANDRA TERMINUS,Saturday
22463,MTD-BKN  LIN,MERTA ROAD JN.,BIKANER JN.,Saturday
22476,CBE BKN AC S,COIMBATORE  JN.,BIKANER JN.,Saturday
22482,DEE JU SF EX,DELHI-SARAI ROHILLA,JODHPUR JN.,Saturday
22484,JODHPUR EXPR,GANDHIDHAM JN.,JODHPUR JN.,Saturday
22512,KARMABHOOMI,KAMAKHYA JN,LOKMANYA TILAK TERMINUS,Saturday
22605,PRR-VM WKLY,PURULIA JN.,VILLUPURAM JN.,Saturday
22608,ERNAKULAM SF,KRANTIVIRA SANGOLLI RAYANNA (BENGALURU STATION),ERNAKULAM. JN,Saturday
22611,MAS NJP EXPR,CHENNAI CENTRAL,NEW JALPAIGURI JN,Saturday
22626,SBC-MAS AC D,KRANTIVIRA SANGOLLI RAYANNA (BENGALURU STATION),CHENNAI CENTRAL,Saturday
22635,MAQ INTERCIT,MADGOAN JN.,MANGALORE CENTRAL,Saturday
22643,PATNA EXPRES,ERNAKULAM. JN,PATNA JN.,Saturday
22647,KRBA TVC EXP,KORBA,TRIVANDRUM CENTRAL,Saturday
22654,NZM-TVC WKLY,HAZRAT NIZAMUDDIN JN,TRIVANDRUM CENTRAL,Saturday
22659,KCVL-DDN  EX,KOCHUVELI,DEHRA DUN,Saturday
22662,RMM-MS SUPER,RAMESWARAM,CHENNAI EGMORE,Saturday
22679,YPR-HAS SUPE,YESVANTPUR JN.,HASSAN JN.,Saturday
22687,SRE-CDG LINK,SAHARANPUR JN.,CHANDIGARH,Saturday
22807,SRC - MAS AC,SANTRAGACHI JN.,CHENNAI CENTRAL,Saturday
22809,PRDP-VSKP WE,PARADEEP,VISAKHAPATNAM,Saturday
22821,JHG-PRR BI-W,JHARGRAM,PURULIA JN.,Saturday
22825,SHM - MAS S/,SHALIMAR,CHENNAI CENTRAL,Saturday
22838,ERS HTE DHAR,ERNAKULAM. JN,HATIA,Saturday
22848,LTT-VSKP S/F,LOKMANYA TILAK TERMINUS,VISAKHAPATNAM,Saturday
22857,SRC ANVT WEE,SANTRAGACHI JN.,ANAND VIHAR TERMINAL,Saturday
22859,PURI-MAS S/F,PURI,CHENNAI CENTRAL,Saturday
22875,KGP-PRR EXPR,KHARAGPUR,PURULIA JN.,Saturday
22877,HWH-ERS ANTY,HOWRAH JN.,ERNAKULAM. JN,Saturday
22881,PUNE-BBS S/F,PUNE JN.,BHUBANESWAR,Saturday
22910,PURI VALSAD,PURI,VALSAD,Saturday
22914,PATNA BDTS H,PATNA JN.,BANDRA TERMINUS,Saturday
22925,UMB - KLK LI,AMBALA CANTT JN,KALKA,Saturday
22930,BRC BLD EXP,VADODARA JN.,BHILAD,Saturday
22934,JP BDTS SF E,JAIPUR JN.,BANDRA TERMINUS,Saturday
22937,RAJKOT REWA,RAJKOT,REWA,Saturday
22940,BSP HAPA EXP,BILASPUR JN.,HAPA,Saturday
22941,INDB JAT SF,INDORE BG,JAMMU TAWI,Saturday
22942,JAT INDB SF,JAMMU TAWI,INDORE BG,Saturday
22955,KUTCH EXPRES,BANDRA TERMINUS,NEW BHUJ,Saturday
22967,ADI ALD EXPR,AHMEDABAD,ALLAHABAD JN.,Saturday
22969,OKHA BSB EXP,OKHA,VARANASI JN.,Saturday
22982,KOTA-HMH -KO,SHRI GANGANAGAR,KOTA,Saturday
24042,KTW-NBD,KOTDWARA,NAJIBABAD JN.,Saturday
24227,VARUNA EXPRE,VARANASI JN.,KANPUR CENTRAL JN.,Saturday
25013,CORBETT PARK,MORADABAD JN.,RAMNAGAR,Saturday
25658,KUNCHAN JUNG,SILCHAR,SEALDAH,Saturday
28181,BJU-KIR EXP,BARAUNI JN.,KATIHAR JN.,Saturday
30112,BP - MJT LOC,BARRACKPORE,MAJERHAT,Saturday
30121,MJT-NH LOCAL,NEW ALIPUR (CALCUTTA),NAIHATI JN.,Saturday
30122,NH - MJT LOC,NAIHATI JN.,BALLYGUNGE JN.,Saturday
30314,DTK-MJT LOCA,DATTAPUKUR,MAJERHAT,Saturday
30324,HNB-PPGT LOC,HASANABAD,PRINCEP GHAT,Saturday
30333,MJT-HB  LOCA,MAJERHAT,HABRA,Saturday
30511,CHT - MJT LO,CHAMPAHATI,MAJERHAT,Saturday
31217,SDAH - BP LO,SEALDAH,BARRACKPORE,Saturday
31225,SDAH-BPLOCAL,SEALDAH,BARRACKPORE,Saturday
31230,BP-SDAH LOCA,BARRACKPORE,SEALDAH,Saturday
31235,SDAH - BP LO,SEALDAH,BARRACKPORE,Saturday
31237,SDAH BP LOCA,SEALDAH,BARRACKPORE,Saturday
31238,BP-SDAH LOCA,BARRACKPORE,SEALDAH,Saturday
31315,SDAH-KLYM LO,SEALDAH,KALYANI SIMANTA,Saturday
31325,SDAH - KLYM,SEALDAH,KALYANI SIMANTA,Saturday
31512,STB - SDAH L,SHANTIPUR JN.,SEALDAH,Saturday
31518,STB - SDAH L,SHANTIPUR JN.,SEALDAH,Saturday
31529,SDAH-STB LOC,SEALDAH,SHANTIPUR JN.,Saturday
31531,SDAH- STB LO,SEALDAH,SHANTIPUR JN.,Saturday
31536,STB - SDAH L,SHANTIPUR JN.,SEALDAH,Saturday
31619,SDAH-RHA LOC,SEALDAH,RANAGHAT JN.,Saturday
31623,SDAH - RHA L,SEALDAH,RANAGHAT JN.,Saturday
31628,RHA - SDAH L,RANAGHAT JN.,SEALDAH,Saturday
31629,SDAH-RHA LOC,SEALDAH,RANAGHAT JN.,Saturday
31630,RHA - SDAH L,RANAGHAT JN.,SEALDAH,Saturday
31632,RHA-SDAH LOC,RANAGHAT JN.,SEALDAH,Saturday
31714,RHA-NH LOCAL,RANAGHAT JN.,NAIHATI JN.,Saturday
31725,RHA - KNJ,RANAGHAT JN.,KRISHNA NAGAR CITY JN.,Saturday
31742,GEDE-RHA LOC,GEDE,RANAGHAT JN.,Saturday
31745,RHA - GEDE L,RANAGHAT JN.,GEDE,Saturday
31747,RHA-GEDE LOC,RANAGHAT JN.,GEDE,Saturday
31766,LGL-RHA EMU,LALGOLA,RANAGHAT JN.,Saturday
31786,STB-RHA LOCA,SHANTIPUR JN.,RANAGHAT JN.,Saturday
31814,KNJ - SDAH,KRISHNA NAGAR CITY JN.,SEALDAH,Saturday
31823,SDAH-KNJ LOC,SEALDAH,KRISHNA NAGAR CITY JN.,Saturday
31824,KNJ - SDAH,KRISHNA NAGAR CITY JN.,SEALDAH,Saturday
31825,SDAH-KNJ LOC,SEALDAH,KRISHNA NAGAR CITY JN.,Saturday
31828,KNJ - SDAH,KRISHNA NAGAR CITY JN.,SEALDAH,Saturday
31831,SDAH-KNJ LOC,SEALDAH,KRISHNA NAGAR CITY JN.,Saturday
31833,SDAH-KNJ LOC,SEALDAH,KRISHNA NAGAR CITY JN.,Saturday
31912,GEDE - SDAH,GEDE,SEALDAH,Saturday
31916,GEDE - SDAH,GEDE,SEALDAH,Saturday
32211,SDAH-DKAE LO,SEALDAH,DANKUNI JN.,Saturday
32222,DKAE-SDAH LO,DANKUNI JN.,SEALDAH,Saturday
32223,SDAH-DKAE LO,SEALDAH,DANKUNI JN.,Saturday
33212,DDJ - SDAH L,DUM DUM JN.,SEALDAH,Saturday
33262,BT - DDJ LOC,BARASAT JN.,DUM DUM JN.,Saturday
33363,BT -BNJ LOCA,BARASAT JN.,BANGAON JN.,Saturday
33412,DDC-SDAH LOC,DUMDUM CANTONMENT,SEALDAH,Saturday
33421,SDAH-MMG LOC,SEALDAH,MADHYAM GRAM,Saturday
33434,BT - SDAH LO,BARASAT JN.,SEALDAH,Saturday
33521,SDAH - HNB L,SEALDAH,HASANABAD,Saturday
33536,HNB-SDAH LOC,HASANABAD,SEALDAH,Saturday
33611,SDAH-DTK LOC,SEALDAH,DATTAPUKUR,Saturday
33615,SDAH - DTK L,SEALDAH,DATTAPUKUR,Saturday
33617,SDAH - DTK L,SEALDAH,DATTAPUKUR,Saturday
33620,DTK-SDAH LOC,DATTAPUKUR,SEALDAH,Saturday
33621,SDAH-DTK LOC,SEALDAH,DATTAPUKUR,Saturday
33626,DTK-SDAH LOC,DATTAPUKUR,SEALDAH,Saturday
33653,SDAH-HB LOCA,SEALDAH,HABRA,Saturday
33657,SDAH-HB LOCA,SEALDAH,HABRA,Saturday
33712,BNJ - RHA LO,BANGAON JN.,RANAGHAT JN.,Saturday
33713,RHA - BNJ LO,RANAGHAT JN.,BANGAON JN.,Saturday
33723,RHA - BNJ LO,RANAGHAT JN.,BANGAON JN.,Saturday
33730,BNJ - RHA LO,BANGAON JN.,RANAGHAT JN.,Saturday
33732,BNJ - RHA LO,BANGAON JN.,RANAGHAT JN.,Saturday
33813,SDAH-BNJ LOC,SEALDAH,BANGAON JN.,Saturday
33831,SDAH - BNJ L,SEALDAH,BANGAON JN.,Saturday
33838,BNJ - SDAH L,BANGAON JN.,SEALDAH,Saturday
33847,SDAH - BNJ L,SEALDAH,BANGAON JN.,Saturday
33850,BNJ - SDAH L,BANGAON JN.,SEALDAH,Saturday
33861,SDAH - BNJ L,SEALDAH,BANGAON JN.,Saturday
34062,BNJ - CG LOC,BANGAON JN.,CANNING,Saturday
34111,BGB - SDAH L,BUDGE BUDGE,SEALDAH,Saturday
34113,BGB - SDAH L,BUDGE BUDGE,SEALDAH,Saturday
34124,SDAH-BGB LOC,SEALDAH,BUDGE BUDGE,Saturday
34126,SDAH-BGB LOC,SEALDAH,BUDGE BUDGE,Saturday
34130,SDAH-BGB LOC,SEALDAH,BUDGE BUDGE,Saturday
34143,BGB - SDAH L,BUDGE BUDGE,SEALDAH,Saturday
34159,BGB - SDAH L,BUDGE BUDGE,SEALDAH,Saturday
34164,SDAH-BGB LOC,SEALDAH,BUDGE BUDGE,Saturday
34165,BGB-SDAH LOC,BUDGE BUDGE,SEALDAH,Saturday
34354,SPR - CG LOC,SONARPUR JN.,CANNING,Saturday
34356,SPR - CG LOC,SONARPUR JN.,CANNING,Saturday
34416,SDAH- SPR LO,SEALDAH,SONARPUR JN.,Saturday
34511,CG - SDAH  L,CANNING,SEALDAH,Saturday
34524,SDAH - CG LO,SEALDAH,CANNING,Saturday
34535,CG - SDAH  L,CANNING,SEALDAH,Saturday
34537,CG - SDAH  L,CANNING,SEALDAH,Saturday
34632,SDAH - BRP L,SEALDAH,BARUIPUR JN.,Saturday
34640,SDAH - BRP L,SEALDAH,BARUIPUR JN.,Saturday
34647,BRP - SDAH L,BARUIPUR JN.,SEALDAH,Saturday
34716,SDAH-LKPR LO,SEALDAH,LAKSHMIKANTAPUR,Saturday
34718,SDAH-LKPR LO,SEALDAH,LAKSHMIKANTAPUR,Saturday
34730,SDAH-LKPR LO,SEALDAH,LAKSHMIKANTAPUR,Saturday
34737,LKPR - SDAH,LAKSHMIKANTAPUR,SEALDAH,Saturday
34741,LKPR - SDAH,LAKSHMIKANTAPUR,SEALDAH,Saturday
34752,SDAH-LKPR LO,SEALDAH,LAKSHMIKANTAPUR,Saturday
34755,LKPR - SDAH,LAKSHMIKANTAPUR,SEALDAH,Saturday
34757,LKPR - SDAH,LAKSHMIKANTAPUR,SEALDAH,Saturday
34817,DH - SDAH LO,DIAMOND HARBOUR,SEALDAH,Saturday
34819,DH - SDAH LO,DIAMOND HARBOUR,SEALDAH,Saturday
34821,DH - SDAH LO,DIAMOND HARBOUR,SEALDAH,Saturday
34827,DH - SDAH LO,DIAMOND HARBOUR,SEALDAH,Saturday
34835,DH - SDAH LO,DIAMOND HARBOUR,SEALDAH,Saturday
34836,SDAH-DH LOCA,SEALDAH,DIAMOND HARBOUR,Saturday
34838,SDAH-DH LOCA,SEALDAH,DIAMOND HARBOUR,Saturday
34852,SDAH-DH LOCA,SEALDAH,DIAMOND HARBOUR,Saturday
34856,SDAH-DH LOCA,SEALDAH,DIAMOND HARBOUR,Saturday
34913,NMKA - LKPR,NAMKHANA,LAKSHMIKANTAPUR,Saturday
34915,NMKA - LKPR,NAMKHANA,LAKSHMIKANTAPUR,Saturday
34929,NMKA - LKPR,NAMKHANA,LAKSHMIKANTAPUR,Saturday
35019,BWN BGNA LOC,BARDDHAMAN JN.,BALGONA,Saturday
36032,CDAE-HWH LOC,CHANDANPUR,HOWRAH JN.,Saturday
36088,MSAE-HWH LOC,MASAGRAM,HOWRAH JN.,Saturday
36815,HWH-BWN LOCA,HOWRAH JN.,BARDDHAMAN JN.,Saturday
36817,HWH-BWN LOCA,HOWRAH JN.,BARDDHAMAN JN.,Saturday
36818,BWN-HWH(CHOR,BARDDHAMAN JN.,HOWRAH JN.,Saturday
36827,HWH - BWN(CH,HOWRAH JN.,BARDDHAMAN JN.,Saturday
36830,BWN-HWH(CHOR,BARDDHAMAN JN.,HOWRAH JN.,Saturday
36838,BWN-HWH(CHOR,BARDDHAMAN JN.,HOWRAH JN.,Saturday
36841,HWH - BWN (C,HOWRAH JN.,BARDDHAMAN JN.,Saturday
36844,BWN-HWH(CHOR,BARDDHAMAN JN.,HOWRAH JN.,Saturday
36846,BWN-HWH(CHOR,BARDDHAMAN JN.,HOWRAH JN.,Saturday
36847,HWH - BWN (C,HOWRAH JN.,BARDDHAMAN JN.,Saturday
36856,BWN-HWH(CHOR,BARDDHAMAN JN.,HOWRAH JN.,Saturday
36858,BWN-HWH(CHOR,BARDDHAMAN JN.,HOWRAH JN.,Saturday
37013,HWH-SRP LOCA,HOWRAH JN.,SHRIRAMPUR,Saturday
37018,SRP-HWH LOCA,SHRIRAMPUR,HOWRAH JN.,Saturday
37044,SHE-HWH LOCA,SEORAPHULI JN.,HOWRAH JN.,Saturday
37046,SHE-HWH LOCA,SEORAPHULI JN.,HOWRAH JN.,Saturday
37054,SHE-HWH LOCA,SEORAPHULI JN.,HOWRAH JN.,Saturday
37058,SHE-HWH LOCA,SEORAPHULI JN.,HOWRAH JN.,Saturday
37234,BDC-HWH LOCA,BANDEL JN.,HOWRAH JN.,Saturday
37237,HWH-BDC LOCA,HOWRAH JN.,BANDEL JN.,Saturday
37238,BDC-HWH LOCA,BANDEL JN.,HOWRAH JN.,Saturday
37242,BDC-HWH LOCA,BANDEL JN.,HOWRAH JN.,Saturday
37249,HWH-BDC LOCA,HOWRAH JN.,BANDEL JN.,Saturday
37254,BDC-HWH LOCA,BANDEL JN.,HOWRAH JN.,Saturday
37259,HWH-BDC LOCA,HOWRAH JN.,BANDEL JN.,Saturday
37260,BDC-HWH LOCA,BANDEL JN.,HOWRAH JN.,Saturday
37274,BDC-HWH LOCA,BANDEL JN.,HOWRAH JN.,Saturday
37281,HWH - BDC LO,HOWRAH JN.,BANDEL JN.,Saturday
37284,BDC-HWH LOCA,BANDEL JN.,HOWRAH JN.,Saturday
37290,BDC LOCAL,BANDEL JN.,HOWRAH JN.,Saturday
37323,HWH-TAK LOCA,HOWRAH JN.,TARAKESHWAR,Saturday
37330,TAK-HWH LOCA,TARAKESHWAR,HOWRAH JN.,Saturday
37338,TAK-HWH LOCA,TARAKESHWAR,HOWRAH JN.,Saturday
37339,HWH - TAK LO,HOWRAH JN.,TARAKESHWAR,Saturday
37341,HWH-TAK LOCA,HOWRAH JN.,TARAKESHWAR,Saturday
37343,HWH-TAK LOCA,HOWRAH JN.,TARAKESHWAR,Saturday
37344,TAK-HWH LOCA,TARAKESHWAR,HOWRAH JN.,Saturday
37348,TAK-HWH LOCA,TARAKESHWAR,HOWRAH JN.,Saturday
37349,HWH-TAK LOCA,HOWRAH JN.,TARAKESHWAR,Saturday
37351,HWH-TAK LOCA,HOWRAH JN.,TARAKESHWAR,Saturday
37361,HWH-ARAMBAGH,HOWRAH JN.,ARAMBAG,Saturday
37368,AMBG-HWH LOC,ARAMBAG,HOWRAH JN.,Saturday
37385,TAK-AMBG LOC,TARAKESHWAR,ARAMBAG,Saturday
37386,AMBG-TAK LOC,ARAMBAG,TARAKESHWAR,Saturday
37389,TAK-GOGT LOC,TARAKESHWAR,ARAMBAG,Saturday
37411,SHE-TAK LOCA,SEORAPHULI JN.,TARAKESHWAR,Saturday
37412,TAK-SHE LOCA,TARAKESHWAR,SEORAPHULI JN.,Saturday
37534,BDC-NH LOCAL,BANDEL JN.,NAIHATI JN.,Saturday
37540,BDC-NH LOCAL,BANDEL JN.,NAIHATI JN.,Saturday
37545,NH - BDC LOC,NAIHATI JN.,BANDEL JN.,Saturday
37548,BDC-NH LOCAL,BANDEL JN.,NAIHATI JN.,Saturday
37549,NH - BDC LOC,NAIHATI JN.,BANDEL JN.,Saturday
37555,NH - BDC LOC,NAIHATI JN.,BANDEL JN.,Saturday
37747,BDC - KWAE L,BANDEL JN.,KATWA JN.,Saturday
37748,KWAE-BDC LOC,KATWA JN.,BANDEL JN.,Saturday
37752,KWAE-BDC LOC,KATWA JN.,BANDEL JN.,Saturday
37781,BDC-BWN LOCA,BANDEL JN.,BARDDHAMAN JN.,Saturday
37783,BDC-BWN LOCA,BANDEL JN.,BARDDHAMAN JN.,Saturday
37784,BWN-BDC LOCA,BARDDHAMAN JN.,BANDEL JN.,Saturday
37813,HWH-BWN LOCA,HOWRAH JN.,BARDDHAMAN JN.,Saturday
37814,BWN-HWH LOCA,BARDDHAMAN JN.,HOWRAH JN.,Saturday
37820,BWN-HWH LOCA,BARDDHAMAN JN.,HOWRAH JN.,Saturday
37821,HWH - BWN LO,HOWRAH JN.,BARDDHAMAN JN.,Saturday
37822,BWN-HWH LOCA,BARDDHAMAN JN.,HOWRAH JN.,Saturday
37827,HWH - BWN LO,HOWRAH JN.,BARDDHAMAN JN.,Saturday
37830,BWN-HWH LOCA,BARDDHAMAN JN.,HOWRAH JN.,Saturday
37835,HWH - BWN LO,HOWRAH JN.,BARDDHAMAN JN.,Saturday
37836,BWN-HWH LOCA,BARDDHAMAN JN.,HOWRAH JN.,Saturday
37844,BWN - HWH LO,BARDDHAMAN JN.,HOWRAH JN.,Saturday
37848,BWN-HWH LOCA,BARDDHAMAN JN.,HOWRAH JN.,Saturday
37852,BWN-HWH MAIN,BARDDHAMAN JN.,HOWRAH JN.,Saturday
37915,HWH - KWAE L,HOWRAH JN.,KATWA JN.,Saturday
38033,SHM SRC LOCA,SHALIMAR,SANTRAGACHI JN.,Saturday
38053,HWH HLZ LOCA,HOWRAH JN.,HALDIA,Saturday
38101,SRC-ULB,SANTRAGACHI JN.,ULUBARIA,Saturday
38306,MCA - HWH LO,MECHEDA,HOWRAH JN.,Saturday
38308,MCA-HWH LOCA,MECHEDA,HOWRAH JN.,Saturday
38310,MCA SHM LOCA,MECHEDA,SHALIMAR,Saturday
38321,HWH-MCA LOCA,HOWRAH JN.,MECHEDA,Saturday
38705,HWH-KGP LOCA,HOWRAH JN.,KHARAGPUR,Saturday
38801,HWH-MDN LOCA,HOWRAH JN.,MIDNAPORE,Saturday
38805,HWH MDN OCAL,HOWRAH JN.,MIDNAPORE,Saturday
38817,HWH-MDN LOCA,HOWRAH JN.,MIDNAPORE,Saturday
38819,HWH MDN LOCA,HOWRAH JN.,MIDNAPORE,Saturday
38820,MDN - HWH LO,MIDNAPORE,HOWRAH JN.,Saturday
38821,HWH MDN,HOWRAH JN.,MIDNAPORE,Saturday
38823,HWH-MDN LOCA,HOWRAH JN.,MIDNAPORE,Saturday
38825,HWH-MDN LOCA,HOWRAH JN.,MIDNAPORE,Saturday
38829,HWH-MDN LOCA,HOWRAH JN.,MIDNAPORE,Saturday
38924,AMZ-HWH LOCA,AMTA,HOWRAH JN.,Saturday
40018,TBM-MSB EMU,TAMBARAM,CHENNAI BEACH,Saturday
40027,MSB-TBM EMU,CHENNAI BEACH,TAMBARAM,Saturday
40032,TBM-MSB EMU,TAMBARAM,CHENNAI BEACH,Saturday
40035,MSB-TBM EMU,CHENNAI BEACH,TAMBARAM,Saturday
40046,TBM-MSB EMU,TAMBARAM,CHENNAI BEACH,Saturday
40049,MSB-TBM EMU,CHENNAI BEACH,TAMBARAM,Saturday
40054,TBM-MSB EMU,TAMBARAM,CHENNAI BEACH,Saturday
40056,TBM-MSB EMU,TAMBARAM,CHENNAI BEACH,Saturday
40065,MSB-TBM EMU,CHENNAI BEACH,TAMBARAM,Saturday
40068,TBM-MSB EMU,TAMBARAM,CHENNAI BEACH,Saturday
40070,TBM-MSB EMU,TAMBARAM,CHENNAI BEACH,Saturday
40075,MSB-TBM EMU,CHENNAI BEACH,TAMBARAM,Saturday
40082,TBM-MSB EMU,TAMBARAM,CHENNAI BEACH,Saturday
40096,TBM-MSB EMU,TAMBARAM,CHENNAI BEACH,Saturday
40103,MSB-TBM EMU,CHENNAI BEACH,TAMBARAM,Saturday
40106,TBM-MSB EMU,TAMBARAM,CHENNAI BEACH,Saturday
40107,MSB-TBM EMU,CHENNAI BEACH,TAMBARAM,Saturday
40108,TBM-MSB EMU,TAMBARAM,CHENNAI BEACH,Saturday
40110,TBM-MSB EMU,TAMBARAM,CHENNAI BEACH,Saturday
40115,MSB-TBM EMU,CHENNAI BEACH,TAMBARAM,Saturday
40123,MSB-TBM EMU,CHENNAI BEACH,TAMBARAM,Saturday
40124,TBM-MSB EMU,TAMBARAM,CHENNAI BEACH,Saturday
40128,TBM-MSB EMU,TAMBARAM,CHENNAI BEACH,Saturday
40130,TBM-MSB EMU,TAMBARAM,CHENNAI BEACH,Saturday
40135,MSB-TBM EMU,CHENNAI BEACH,TAMBARAM,Saturday
40136,TBM-MSB EMU,TAMBARAM,CHENNAI BEACH,Saturday
40139,MSB-TBM EMU,CHENNAI BEACH,TAMBARAM,Saturday
40141,MSB-TBM EMU,CHENNAI BEACH,TAMBARAM,Saturday
40144,TBM-MSB EMU,TAMBARAM,CHENNAI BEACH,Saturday
40148,TBM-MSB EMU,TAMBARAM,CHENNAI BEACH,Saturday
40151,MSB-TBM EMU,CHENNAI BEACH,TAMBARAM,Saturday
40155,MSB-TBM EMU,CHENNAI BEACH,TAMBARAM,Saturday
40313,MSB-TBM EMU,CHENNAI BEACH,TAMBARAM,Saturday
40314,TBM-MSB EMU,TAMBARAM,CHENNAI BEACH,Saturday
40322,TBM-MSB EMU,TAMBARAM,CHENNAI BEACH,Saturday
40323,MSB-TBM EMU,CHENNAI BEACH,TAMBARAM,Saturday
40341,MSB-TBM EMU,CHENNAI BEACH,TAMBARAM,Saturday
40355,MSB-TBM EMU,CHENNAI BEACH,TAMBARAM,Saturday
40365,MSB-TBM EMU,CHENNAI BEACH,TAMBARAM,Saturday
40369,MSB-TBM EMU,CHENNAI BEACH,TAMBARAM,Saturday
40382,TBM-MSB EMU,TAMBARAM,CHENNAI BEACH,Saturday
40407,MSB-TBM EMU,CHENNAI BEACH,TAMBARAM,Saturday
40410,TBM-MSB EMU,TAMBARAM,CHENNAI BEACH,Saturday
40413,MSB-TBM EMU,CHENNAI BEACH,TAMBARAM,Saturday
40415,MSB-TBM EMU,CHENNAI BEACH,TAMBARAM,Saturday
40513,MSB-CGL EMU,CHENNAI BEACH,CHENGALPATTU,Saturday
40523,MSB-CGL EMU,CHENNAI BEACH,CHENGALPATTU,Saturday
40527,MSB-CGL EMU,CHENNAI BEACH,CHENGALPATTU,Saturday
40552,CGL-MSB EMU,CHENGALPATTU,CHENNAI BEACH,Saturday
40563,MSB-CGL EMU,CHENNAI BEACH,CHENGALPATTU,Saturday
40609,MSB-CGL EMU,CHENNAI BEACH,CHENGALPATTU,Saturday
40618,CGL-MSB EMU,CHENGALPATTU,CHENNAI BEACH,Saturday
40627,MSB-CGL EMU,CHENNAI BEACH,CHENGALPATTU,Saturday
40629,MSB-CGL EMU,CHENNAI BEACH,CHENGALPATTU,Saturday
40633,MSB-CGL EMU,CHENNAI BEACH,CHENGALPATTU,Saturday
40652,CGL-MSB EMU,CHENGALPATTU,CHENNAI BEACH,Saturday
40656,CGL-MSB EMU,CHENGALPATTU,CHENNAI BEACH,Saturday
40657,MSB-CGL EMU,CHENNAI BEACH,CHENGALPATTU,Saturday
40661,MSB-CGL EMU,CHENNAI BEACH,CHENGALPATTU,Saturday
40804,CJ-MSB EMU L,KANCHIPURAM,CHENNAI BEACH,Saturday
41015,MSB-VLCY,CHENNAI BEACH,VELACHEERY,Saturday
41028,VLCY-MSBEMUL,VELACHEERY,CHENNAI BEACH,Saturday
41043,MSB-VLCY,CHENNAI BEACH,VELACHEERY,Saturday
41060,VLCY-MSBEMUL,VELACHEERY,CHENNAI BEACH,Saturday
41065,MSB-VLCY,CHENNAI BEACH,VELACHEERY,Saturday
41073,MSB-VLCY,CHENNAI BEACH,VELACHEERY,Saturday
41078,VLCY-MSBEMUL,VELACHEERY,CHENNAI BEACH,Saturday
41084,VLCY-MSBEMUL,VELACHEERY,CHENNAI BEACH,Saturday
41085,MSB-VLCY,CHENNAI BEACH,VELACHEERY,Saturday
41089,MSB-VLCY,CHENNAI BEACH,VELACHEERY,Saturday
41132,VLCY-MSB EMU,VELACHEERY,CHENNAI BEACH,Saturday
41506,VLCY - MSB E,VELACHEERY,CHENNAI BEACH,Saturday
41517,MSB-VLCY EMU,CHENNAI BEACH,VELACHEERY,Saturday
41534,VLCY-MSBEMUL,VELACHEERY,CHENNAI BEACH,Saturday
41551,MSB-VLCY EMU,CHENNAI BEACH,VELACHEERY,Saturday
41556,VLCY-MSBEMUL,VELACHEERY,CHENNAI BEACH,Saturday
41560,VLCY-MSBEMUL,VELACHEERY,CHENNAI BEACH,Saturday
41577,MSB-VLCY EMU,CHENNAI BEACH,VELACHEERY,Saturday
41589,MSB-VLCY EMU,CHENNAI BEACH,VELACHEERY,Saturday
41597,MSB-VLCY EMU,CHENNAI BEACH,VELACHEERY,Saturday
42003,MMC-GPD EMU,MOOR MARKET,GUMMIDIPUNDI,Saturday
42005,MMC-GPD EMU,MOOR MARKET,GUMMIDIPUNDI,Saturday
42014,GPD-MMC EMU,GUMMIDIPUNDI,MOOR MARKET,Saturday
42020,GPD-MMC EMU,GUMMIDIPUNDI,MOOR MARKET,Saturday
42028,GPD-MMC EMU,GUMMIDIPUNDI,MOOR MARKET,Saturday
42037,MMC-GPD EMU,MOOR MARKET,GUMMIDIPUNDI,Saturday
42039,MMC-GPD EMU,MOOR MARKET,GUMMIDIPUNDI,Saturday
42403,MMC-SPE EMU,MOOR MARKET,SULLURUPETTA,Saturday
42657,VLCY-GPD LOC,VELACHEERY,GUMMIDIPUNDI,Saturday
42702,PON-MSB EMU,PONNERI,CHENNAI BEACH,Saturday
42804,SPE-MSB EMU,SULLURUPETTA,CHENNAI BEACH,Saturday
43013,MMC-AVD EMU,MOOR MARKET,AVADI,Saturday
43016,AVD-MMC EMU,AVADI,MOOR MARKET,Saturday
43022,AVD-MMC EMU,AVADI,MOOR MARKET,Saturday
43112,PTMS-MMC EMU,PATTABIRAM E DEPOT,MOOR MARKET,Saturday
43114,PTMS-MMC EMU,PATTABIRAM E DEPOT,MOOR MARKET,Saturday
43122,PTMS-MMC EMU,PATTABIRAM E DEPOT,MOOR MARKET,Saturday
43127,MMC-PTMS EMU,MOOR MARKET,PATTABIRAM E DEPOT,Saturday
43132,PTMS-MMC EMU,PATTABIRAM E DEPOT,MOOR MARKET,Saturday
43217,MMC-TRL EMU,MOOR MARKET,TIRUVALLUR,Saturday
43222,TRL-MMC EMU,TIRUVALLUR,MOOR MARKET,Saturday
43235,MMC-TRL EMU,MOOR MARKET,TIRUVALLUR,Saturday
43248,TRL-MMC EMU,TIRUVALLUR,MOOR MARKET,Saturday
43403,MMC-AJJ EMU,MOOR MARKET,ARAKKONAM JN,Saturday
43404,AJJ-MMC EMU,ARAKKONAM JN,MOOR MARKET,Saturday
43438,MMC-AJJ EMU,ARAKKONAM JN,MOOR MARKET,Saturday
43501,MAS-TRT EMU,MOOR MARKET,TIRUTTANI,Saturday
43502,TRT-MMC EMU,TIRUTTANI,MOOR MARKET,Saturday
43506,TRT-MMC EMU,TIRUTTANI,MOOR MARKET,Saturday
43509,MMC-TRT EMU,MOOR MARKET,TIRUTTANI,Saturday
43554,TRT-AJJ EMU,TIRUTTANI,ARAKKONAM JN,Saturday
43652,AVD-VLCY LOC,AVADI,VELACHEERY,Saturday
43654,AVD-VLCY LOC,AVADI,VELACHEERY,Saturday
43664,AVD-VLCY LOC,AVADI,VELACHEERY,Saturday
43707,MSB-TRL EMU,CHENNAI BEACH,TIRUVALLUR,Saturday
43773,VLCY-TRL LOC,VELACHEERY,TIRUVALLUR,Saturday
43792,PTMS-VLCY LO,PATTABIRAM E DEPOT,VELACHEERY,Saturday
43802,AJJ-MSB EMU,ARAKKONAM JN,CHENNAI BEACH,Saturday
43805,MSB-AJJ EMU,CHENNAI BEACH,ARAKKONAM JN,Saturday
43821,MSB-TRT EMU,CHENNAI BEACH,TIRUTTANI,Saturday
43844,AJJ-AVD EMU,ARAKKONAM JN,AVADI,Saturday
47105,HYB-LPI,HYDERABAD DECCAN,LINGAMPALLI,Saturday
47120,HYB-LPI,HYDERABAD DECCAN,LINGAMPALLI,Saturday
47126,LPI-HYB,LINGAMPALLI,HYDERABAD DECCAN,Saturday
47127,LPI-HYB,LINGAMPALLI,HYDERABAD DECCAN,Saturday
47131,LPI-HYB,LINGAMPALLI,HYDERABAD DECCAN,Saturday
47137,LPI-HYB,LINGAMPALLI,HYDERABAD DECCAN,Saturday
47142,HYB-LPI,LINGAMPALLI,HYDERABAD DECCAN,Saturday
47151,FM-LPI,FALAKNUMA,LINGAMPALLI,Saturday
47168,FM-SC,FALAKNUMA,SECUNDERABAD JN.,Saturday
47178,LPI-FM,LINGAMPALLI,FALAKNUMA,Saturday
47187,LPI-FM,LINGAMPALLI,FALAKNUMA,Saturday
47191,LPI-FM,LINGAMPALLI,FALAKNUMA,Saturday
47196,SC-HYB,SECUNDERABAD JN.,HYDERABAD DECCAN,Saturday
47202,FM-HYB,FALAKNUMA,HYDERABAD DECCAN,Saturday
47204,FM-SC,FALAKNUMA,SECUNDERABAD JN.,Saturday
47218,FM-LPI,FALAKNUMA,LINGAMPALLI,Saturday
47219,LPI-FM,LINGAMPALLI,FALAKNUMA,Saturday
50101,RATNAGIRI- M,RATNAGIRI,MADGOAN JN.,Saturday
50106,SWV DIVA PAS,SAWANTWADI ROAD,DIVA JN,Saturday
50108,MAO-SWV PASS,MADGOAN JN.,SAWANTWADI ROAD,Saturday
50120,PNVL-DIVA PA,PANVEL,DIVA JN,Saturday
51027,FAST PASSENG,CST-MUMBAI,PANDHARPUR,Saturday
51033,SAINAGAR SHI,DAUND JN.,SAI NAGAR SHIRDI,Saturday
51111,CSN DHI MIX,CHALISGAON JN.,DHULE,Saturday
51114,DHI CSN MIX,DHULE,CHALISGAON JN.,Saturday
51136,AMI BD PASS,AMRAVATI,BADNERA JN.,Saturday
51146,AMI BD PASS,AMRAVATI,BADNERA JN.,Saturday
51182,BSL-DVL PASS,BHUSAVAL JN.,DEVLALI,Saturday
51348,BRMT-DD PASS,BARAMATI,DAUND JN.,Saturday
51405,MRJ-CLR PASS,MIRAJ JN.,CASTLE ROCK,Saturday
51411,BAY-DWR PASS,BELLARY JN.,DHARWAD,Saturday
51423,IGP MMR SHUT,IGATPURI,MANMAD JN.,Saturday
51429,SLI MRJ PASS,SANGLI,CHHATRAPATI SHAHU MAHARAJ TERMINUS,Saturday
51430,KOP SLI PASS,CHHATRAPATI SHAHU MAHARAJ TERMINUS,SANGLI,Saturday
51431,MRJ LD PASSE,MIRAJ JN.,LONDA JN.,Saturday
51434,PVR-NZB PASS,PANDHARPUR,NIZAMABAD,Saturday
51441,STR KOP PASS,SATARA,CHHATRAPATI SHAHU MAHARAJ TERMINUS,Saturday
51451,PUNE BRMT PA,PUNE JN.,BARAMATI,Saturday
51452,DD PUNE PASS,BARAMATI,PUNE JN.,Saturday
51458,DWR-UBL PASS,DHARWAD,HUBLI JN.,Saturday
51605,KMZ-CHRM PAS,KATNI MURWARA,CHIRMIRI,Saturday
51610,GUNA-BINA PA,GUNA,BINA,Saturday
51612,BINA-KOTA PA,BINA,KOTA,Saturday
51674,STA-ET PASSE,SATNA,ITARSI,Saturday
51705,JBP-NIR PASS,MADANMAHAL,NAINPUR JN.,Saturday
51708,NIR-JBP PASS,NAINPUR JN.,JABALPUR,Saturday
51753,REWA-CHRM PA,REWA,CHIRMIRI,Saturday
51764,MKP-STA PASS,MANIKPUR JN.,SATNA,Saturday
51811,BIN-JHS  PAS,BINA,JHANSI JN,Saturday
51812,JHS-BIN PASS,JHANSI JN,BINA,Saturday
51862,KNH-AIT PASS,KONCH,AIT JN,Saturday
51869,AIT-KNH PASS,AIT JN,KONCH,Saturday
52074,MVJ-MJ PASS,MAVLI JN.,MARWAR JN.,Saturday
52205,PBE-MLN PASS,PILIBHIT JN.,MAILANI JN.,Saturday
52208,PBE-KSJ PASS,MAILANI JN.,PILIBHIT JN.,Saturday
52241,BRK-MLN PASS,BAHRAICH,MAILANI JN.,Saturday
52251,BRK-MLN PASS,BAHRAICH,MAILANI JN.,Saturday
52252,MLN-BRK PASS,MAILANI JN.,BAHRAICH,Saturday
52257,BRK-MLN PASS,BAHRAICH,MAILANI JN.,Saturday
52263,GNAN-NPR PAS,BAHRAICH,NEPALGANJ ROAD,Saturday
52298,SZP-PBE- PAS,SHAHJAHANPUR JN,PILIBHIT JN.,Saturday
52453,KLK-SML MAIL,KALKA,SHIMLA,Saturday
52454,SML-KLK MAIL,SHIMLA,KALKA,Saturday
52462,PTK-JMKR,JAWALAMUKHI ROAD,PATHANKOT JN.,Saturday
52464,BJPL-PTK PAS,BAIJNATH PAPROLA,PATHANKOT JN.,Saturday
52587,KGN - DJ PAS,KURSEONG,DARJEELING,Saturday
52591,DJ - GHUM -,DARJEELING,DARJEELING,Saturday
52596,DJ-GHUM-DJ J,DARJEELING,DARJEELING,Saturday
52597,DJ - GHUM -,DARJEELING,DARJEELING,Saturday
52941,GG - BTDF  M,GANDHIGRAM,BOTAD JN (MG),Saturday
52942,BTDF - GG MG,BOTAD JN (MG),GANDHIGRAM,Saturday
52946,DASF - VRLF,DHASA JN (MG),VERAVAL MG,Saturday
52974,SWD-DADN MG,SANAWAD,MHOW,Saturday
52987,DADN SWD MG,MHOW,SANAWAD,Saturday
53002,AZ-HWH PASSE,AZIMGANJ JN.,HOWRAH JN.,Saturday
53023,AZ-RPH PASSE,AZIMGANJ JN.,RAMPUR HAT,Saturday
53025,AZ - RPH  PA,AZIMGANJ JN.,RAMPUR HAT,Saturday
53036,BHW-AZ PASSE,BARHARWA JN.,AZIMGANJ JN.,Saturday
53045,MAYURAKSHI F,HOWRAH JN.,RAMPUR HAT,Saturday
53049,HWH-MKA PASS,HOWRAH JN.,MOKAMA JN.,Saturday
53068,RPH-BWN PASS,RAMPUR HAT,BARDDHAMAN JN.,Saturday
53069,BWN-RPH PASS,BARDDHAMAN JN.,RAMPUR HAT,Saturday
53076,BHW-RPH PASS,BARHARWA JN.,RAMPUR HAT,Saturday
53176,LGL-SDAH PAS,LALGOLA,SEALDAH,Saturday
53209,RGD-FUT PASS,RAJGIR,FATUHA,Saturday
53343,GMO-CPU PASS,NSC BOSE J GOMO,CHOPAN,Saturday
53348,BRWD-GMO PAS,BARWADIH JN,NSC BOSE J GOMO,Saturday
53350,DOS-BRWD PAS,DEHRI-ON-SON,BARWADIH JN,Saturday
53352,CAR-BRWD PAS,CHUNAR JN.,BARWADIH JN,Saturday
53374,BRKA-HZBN-KQ,BARKAKANA,KODERMA,Saturday
53408,JMP-RPH PASS,JAMALPUR JN.,RAMPUR HAT,Saturday
53443,MDLE - BGP P,HANSDIHA,BHAGALPUR,Saturday
53483,TPL-RJL PGR,TINPAHAR JN.,RAJMAHAL,Saturday
53497,BGP-JMP PASS,BHAGALPUR,JAMALPUR JN.,Saturday
53628,GAYA-KIUL  P,GAYA JN.,KIUL JN.,Saturday
53641,DLN -MGS-PAS,DILDARNAGAR JN,MUGHAL SARAI JN.,Saturday
53643,DLN-TRG PASS,DILDARNAGAR JN,TARIGHAT,Saturday
54006,JIND ROK PAS,JIND JN,ROHTAK JN.,Saturday
54011,TKJ SDLP PAS,TILAK BRIDGE,SADULPUR JN,Saturday
54012,SDLP TKJ PAS,SADULPUR JN,TILAK BRIDGE,Saturday
54015,ROK-BNW PASS,ROHTAK JN.,BHIWANI JN.,Saturday
54016,BNW ROK PASS,BHIWANI JN.,ROHTAK JN.,Saturday
54025,ROK-PNP PASS,ROHTAK JN.,PANIPAT JN.,Saturday
54035,DELHI JIND J,DELHI JN.,JAKHAL JN.,Saturday
54039,KKDE-JIND PA,KURUKSHETRA JN.,JIND JN,Saturday
54048,JIND,JIND JN,KURUKSHETRA JN.,Saturday
54055,MORADABAD DE,MORADABAD JN.,DELHI JN.,Saturday
54057,DELHI SMQL P,DELHI JN.,SHAMLI,Saturday
54086,RE-DLI PASSE,REWARI JN.,DELHI JN.,Saturday
54155,CNB FBD PASS,KANPUR CENTRAL JN.,FARRUKHABAD JN,Saturday
54212,KANPUR RAI B,KANPUR CENTRAL JN.,RAE BARELI JN.,Saturday
54231,FD-LKO PASSE,FAIZABAD JN.,LUCKNOW JN.,Saturday
54237,MUR-FD PASS,MANKAPUR JN.,FAIZABAD JN.,Saturday
54238,FD-MUR PASS,FAIZABAD JN.,MANKAPUR JN.,Saturday
54243,MUR-AY PASS,MANKAPUR JN.,AYODHYA,Saturday
54252,SRE - LKO PA,SAHARANPUR JN.,LUCKNOW JN.,Saturday
54254,LKO-PYG PASS,LUCKNOW JN.,PRAYAG JN.,Saturday
54262,JNU - BSB PA,JAUNPUR JN.,VARANASI JN.,Saturday
54264,SLN-BSB PASS,SULTANPUR JN.,VARANASI JN.,Saturday
54265,BSB-SLN PASS,VARANASI JN.,SULTANPUR JN.,Saturday
54267,MGS-BSB PASS,MUGHAL SARAI JN.,VARANASI JN.,Saturday
54329,BALAMAU SHAH,BALAMAU JN.,SHAHJAHANPUR JN,Saturday
54330,SPN-BLM PASS,SHAHJAHANPUR JN,BALAMAU JN.,Saturday
54333,BSB-LKO PASS,VARANASI JN.,LUCKNOW JN.,Saturday
54377,PRAYAG- BARE,PRAYAG JN.,BAREILLY JN.,Saturday
54381,GAJRAULA NAJ,GAJRAULA JN.,NAJIBABAD JN.,Saturday
54382,NBD-GJL PASS,NAJIBABAD JN.,GAJRAULA JN.,Saturday
54392,MB-ALJN PASS,MORADABAD JN.,ALIGARH JN.,Saturday
54396,NBD-MB PASSE,NAJIBABAD JN.,MORADABAD JN.,Saturday
54401,KHURJA MEERU,KHURJA JN,MEERUT CITY JN.,Saturday
54404,MEERUT CITY,MEERUT CITY JN.,KHURJA JN,Saturday
54412,MTC-RE PASSE,MEERUT CANT,REWARI JN.,Saturday
54413,DLI-RE PASSE,DELHI JN.,REWARI JN.,Saturday
54424,BIWANI ROHTA,BHIWANI JN.,DELHI JN.,Saturday
54473,DLI SRE PASS,DELHI JN.,SAHARANPUR JN.,Saturday
54483,HW-RKSH PASS,HARIDWAR JN,RISHIKESH,Saturday
54553,UMB - DUI PA,AMBALA CANTT JN,DHURI JN.,Saturday
54575,LDH - LNK PA,LUDHIANA JN.,LOHIAN KHAS JN.,Saturday
54581,NLDM - UNA P,NANGAL DAM,AMB  ANDAURA,Saturday
54601,HSR-ASR PASS,HISAR JN,AMRITSAR JN.,Saturday
54622,PTK - JUC PA,PATHANKOT JN.,JALANDHAR CITY JN.,Saturday
54626,JUC - JJJ PA,JALANDHAR CITY JN.,JAIJON DOABA,Saturday
54644,FZR-JUC PASS,FIROZPUR CANTT JN.,JALANDHAR CITY JN.,Saturday
54765,DUI-BTI PASS,DHURI JN.,BATHINDA JN,Saturday
54766,BTI-DUI PASS,BATHINDA JN,DHURI JN.,Saturday
54784,RE-FKA PASSE,REWARI JN.,FAZILKA JN.,Saturday
54785,FZR-FKA PASS,FIROZPUR CANTT JN.,FAZILKA JN.,Saturday
54786,FKA-FZR PASS,FAZILKA JN.,FIROZPUR CANTT JN.,Saturday
54790,BKN RE PASSE,BIKANER JN.,REWARI JN.,Saturday
54791,MTJ-BNW PASS,MATHURA JN.,BHIWANI JN.,Saturday
54793,SWM-MTJ PASS,SAWAI MADHOPUR JN,MATHURA JN.,Saturday
54820,JU-JSM  PASS,JODHPUR JN.,JAISALMER,Saturday
54825,JU-BARA  PAS,JODHPUR JN.,BILARA,Saturday
54833,JP HSR PASS,JAIPUR JN.,HISAR JN,Saturday
55002,AY-GKP  PASS,AYODHYA,GORAKHPUR JN.,Saturday
55017,PR-MAU PASSA,CHHAPRA JN.,MAU JN.,Saturday
55021,SPJ-SV PASSE,SAMASTIPUR JN.,SIWAN JN.,Saturday
55027,GKP-GD PASSE,GORAKHPUR JN.,GONDA JN.,Saturday
55041,NKE-GKP PASS,NARKATIAGANJ JN.,GORAKHPUR JN.,Saturday
55103,BTT-BHJ  PAS,BHATNI JN.,BARHAJ BAZAR,Saturday
55106,BHJ-SRU PASS,BARHAJ BAZAR,SALEMPUR JN.,Saturday
55108,THE-SV PASSE,THAWE JN.,SIWAN JN.,Saturday
55116,SV-CPR PASSE,BHATNI JN.,CHHAPRA JN.,Saturday
55122,MUV-BTT PASS,MANDUADIH,BHATNI JN.,Saturday
55127,BSB- ALY  PA,MANDUADIH,ALLAHABAD CITY,Saturday
55135,AMH-MUV PASS,AZAMGARH,VARANASI CITY,Saturday
55136,MUV-AMH PASS,VARANASI CITY,AZAMGARH,Saturday
55168,SV-DDA PASSE,SIWAN JN.,DURAUNDHA JN,Saturday
55176,MGZ-DDA PASS,MAHARAJGANJ,DURAUNDHA JN,Saturday
55182,THE-CI  PASS,CHHAPRA KACHEHRI,THAWE JN.,Saturday
55183,CI-MHC PASSE,THAWE JN.,CHHAPRA KACHEHRI,Saturday
55211,MFP-RXL PASS,MUZAFFARPUR JN.,RAXAUL JN.,Saturday
55218,PPTA-MFP PAS,PATLIPUTRA,MUZAFFARPUR JN.,Saturday
55220,NKE-MFP  PAS,NARKATIAGANJ JN.,MUZAFFARPUR JN.,Saturday
55222,BJU-KIR PASS,BARAUNI JN.,KATIHAR JN.,Saturday
55228,MFP-SPJ PASS,MUZAFFARPUR JN.,SAMASTIPUR JN.,Saturday
55302,KGM-MB PASSE,KATHGODAM,MORADABAD JN.,Saturday
55303,MB-KGM PASSE,MORADABAD JN.,KATHGODAM,Saturday
55306,RMR-MB  PASS,RAMNAGAR,MORADABAD JN.,Saturday
55322,RMR-MB  PASS,RAMNAGAR,MORADABAD JN.,Saturday
55325,LJN-KSJ  PAS,LUCKNOW JN.,KASGANJ JN.,Saturday
55330,KSJ-SKB PASS,KASGANJ JN.,SHIKOHABAD JN.,Saturday
55338,AH-KSJ  PASS,ACHHNERA JN.,KASGANJ JN.,Saturday
55346,BC-KSJ PASSE,BAREILLY CITY,KASGANJ JN.,Saturday
55353,KSJ-MTJ  PAS,KASGANJ JN.,MATHURA JN.,Saturday
55357,KSJ-BC-PASS,KASGANJ JN.,BAREILLY CITY,Saturday
55363,IZN-PBE PASS,BAREILLY CITY,PILIBHIT JN.,Saturday
55367,BC-PBE PASSE,BAREILLY CITY,PILIBHIT JN.,Saturday
55372,MJZ-PBE,MAJHOLA PAKARIYA,PILIBHIT JN.,Saturday
55374,MJZ-PBE PASS,MAJHOLA PAKARIYA,PILIBHIT JN.,Saturday
55514,JYG-SPJ PASS,JAYNAGAR,SAMASTIPUR JN.,Saturday
55555,SHC-SPJ PASS,SAHARSA JN.,SAMASTIPUR JN.,Saturday
55565,SHC -SPJ PAS,SAHARSA JN.,SAMASTIPUR JN.,Saturday
55662,SCL - MSSN P,SILCHAR,MAISHASHAN,Saturday
55701,MLDT-KIR PAS,MALDA TOWN,KATIHAR JN.,Saturday
55704,KIR - MLFC P,KATIHAR JN.,MALDA COURT,Saturday
55708,KIR-RDP PASS,KATIHAR JN.,RADHIKAPUR,Saturday
55736,JBN - KIR PA,JOGBANI,KATIHAR JN.,Saturday
55741,KIR - JBN PA,KATIHAR JN.,JOGBANI,Saturday
55750,HDB - NJP PA,HALDIBARI,NEW JALPAIGURI JN,Saturday
55763,KIR - JBN PA,KATIHAR JN.,JOGBANI,Saturday
55810,GHY - NBQ PA,GUWAHATI,NEW BONGAIGAON  JN.,Saturday
55811,DBB - KYQ FA,DHUBRI,KAMAKHYA JN,Saturday
55814,MZS - DKGN P,MURKEONG SELEK,DEKARGAON,Saturday
55909,SLGR - DBRT,SIMALUGURI JN.,DIBRUGARH TOWN,Saturday
55910,DBRT - SLGR,DIBRUGARH TOWN,SIMALUGURI JN.,Saturday
56007,AJJ-KPD PASS,ARAKKONAM JN,KATPADI JN,Saturday
56011,AJJ-HX PASSR,ARAKKONAM JN,CUDDAPAH,Saturday
56042,PDY-TPTY,PONDICHERRY,TIRUPATI,Saturday
56102,SA-MTDM PASS,SALEM JN.,METTUR DAM,Saturday
56107,SA-KRR PASSR,SALEM JN.,KARUR JN.,Saturday
56147,MTP-CBE PASS,METTUPALAIYAM JN.,COIMBATORE  JN.,Saturday
56149,MTP-CBE SPL,METTUPALAIYAM JN.,COIMBATORE  JN.,Saturday
56202,MYS-CMNR PAS,MYSORE JN.,CHAMRAJANAGAR,Saturday
56208,MYS-CMNR PAS,MYSORE JN.,CHAMRAJANAGAR,Saturday
56231,MYS-SBC PASS,MYSORE JN.,KRANTIVIRA SANGOLLI RAYANNA (BENGALURU STATION),Saturday
56242,YPR-SA PASSR,YESVANTPUR JN.,SALEM JN.,Saturday
56302,ALLP ERS PAS,ALLEPPEY,ERNAKULAM. JN,Saturday
56310,NCJ-TVC PASS,NAGERCOIL JN.,TRIVANDRUM CENTRAL,Saturday
56336,QLN-EDN PASS,QUILON,EDAMANN,Saturday
56371,GUV-ERS PASS,GURUVAYUR,ERNAKULAM. JN,Saturday
56375,GUV-ERS PASS,GURUVAYUR,ERNAKULAM. JN,Saturday
56387,ERS-KYJ PASS,ERNAKULAM. JN,KAYANKULAM JN,Saturday
56389,ERS-KTYM PAS,ERNAKULAM. JN,KOTTAYAM,Saturday
56504,BZA-YPR  PAS,VIJAYWADA JN.,BANGALORE CANTT.,Saturday
56519,JRU-CTA PASS,CHIKJAJUR JN.,CHITRADURG,Saturday
56520,CTA-JRU PASS,CHITRADURG,CHIKJAJUR JN.,Saturday
56613,SRR-NIL PASS,SHORANUR JN.,NILAMBUR ROAD,Saturday
56643,MAQ-KBPR PAS,MANGALORE CENTRAL,KABAKA PUTTUR,Saturday
56645,MAQ-KBPR PAS,MANGALORE CENTRAL,KABAKA PUTTUR,Saturday
56647,MAQ-SBHR PAS,MANGALORE CENTRAL,SUBRAHMANYA ROAD,Saturday
56650,CAN-CBE PASS,KANNUR,COIMBATORE  JN.,Saturday
56664,CLT-TCR PASS,CALICUT,TRICHUR,Saturday
56703,TPJ-DG PASS,TIRUCHIRAPPALLI JN.,DINDIGUL JN,Saturday
56710,MDU-PLNI PAS,MADURAI JN,PALANI,Saturday
56711,KIK-TPJ PASS,KARAIKAL,TIRUCHIRAPPALLI JN.,Saturday
56718,TEN NCJ PASS,TIRUNELVELI JN,NAGERCOIL JN.,Saturday
56734,SCT-MDU PASS,SENGOTTAI JN,MADURAI JN,Saturday
56741,TN-TEN PASSE,TUTICORIN,TIRUNELVELI JN,Saturday
56762,TCN-TEN PASS,TIRUCHENDUR,TIRUNELVELI JN,Saturday
56765,TEN-TCN PASS,TIRUNELVELI JN,TIRUCHENDUR,Saturday
56799,TEN-SCT PASS,TIRUNELVELI JN,SENGOTTAI JN,Saturday
56801,TEN-SCT PASS,TIRUNELVELI JN,SENGOTTAI JN,Saturday
56825,ED/MV-TEN PA,ERODE JN.,TIRUNELVELI JN,Saturday
56830,RMM-TPJ PASS,RAMESWARAM,TIRUCHIRAPPALLI JN.,Saturday
56860,VM  TBM PASS,VILLUPURAM JN.,TAMBARAM,Saturday
56864,PDY-VM PASSR,PONDICHERRY,VILLUPURAM JN.,Saturday
56873,VM  MV PASSR,VILLUPURAM JN.,MAYILADUTURAI JN.,Saturday
56886,VM-KPD PASSR,VILLUPURAM JN.,KATPADI JN,Saturday
56902,DWR-UBL PASS,DHARWAD,HUBLI JN.,Saturday
56962,VSG-QLM PASS,VASCO-DA-GAMA,KULEM,Saturday
57123,SINGARENI,BHADRACHALAM ROAD,SIRPUR TOWN,Saturday
57124,SINGARENI,BALHARSHAH,BHADRACHALAM ROAD,Saturday
57145,PASS,DORNAKAL JN.,BHADRACHALAM ROAD,Saturday
57239,PASS,CHENNAI CENTRAL,GUDUR JN.,Saturday
57271,BZA-RGDA PAS,VIJAYWADA JN.,RAYAGADA JN.,Saturday
57277,PASS,GUDUR JN.,VIJAYWADA JN.,Saturday
57320,GNT PASS,MACHERLA,GUNTUR JN.,Saturday
57404,KPD-TPTY PAS,KATPADI JN,TIRUPATI,Saturday
57406,PASSENGER,KATPADI JN,TIRUPATI,Saturday
57411,TPTY-GDR PAS,RENIGUNTA JN.,GUDUR JN.,Saturday
57429,GDR PASS,TIRUPATI,GUDUR JN.,Saturday
57430,TPTY PASS,GUDUR JN.,TIRUPATI,Saturday
57501,PASS,NIZAMABAD,BODHAN,Saturday
57503,MZL-BDHN PAS,MIRZAPALI,BODHAN,Saturday
57522,PAU-PARLI  S,PURNA  JN.,PARLI VAIJNATH,Saturday
57554,ADB-PRLI-PAS,ADILABAD,PARLI VAIJNATH,Saturday
57581,PASS,AKOLA JN.,PURNA  JN.,Saturday
57583,PASS,AKOLA JN.,PURNA  JN.,Saturday
57594,MED PASS,NANDED,MEDCHAL,Saturday
57602,NZB-KCG PASS,NIZAMABAD,KACHEGUDA,Saturday
57625,SC-MUGR FAST,SECUNDERABAD JN.,MANUGURU,Saturday
58002,PURI SRC  PA,PURI,SANTRAGACHI JN.,Saturday
58005,KGP-KUR PASS,KHARAGPUR,KHURDA ROAD JN.,Saturday
58015,HWH ADRA SHI,HOWRAH JN.,ADRA,Saturday
58019,ADRA ASANSOL,ADRA,ASANSOL MAIN,Saturday
58112,ITR  TATA PA,ITWARI JN.,TATANAGAR JN,Saturday
58138,SBP-JSG PASS,SAMBALPUR JN.,JHARSUGUDA JN.,Saturday
58161,HTE JSG PASS,HATIA,JHARSUGUDA JN.,Saturday
58201,BSP-R PASSEN,BILASPUR JN.,RAIPUR JN.,Saturday
58207,R-JNRD PASSE,RAIPUR JN.,JUNAGARH ROAD,Saturday
58223,MDGR-ABKP PA,MANENDRAGARH,AMBIKAPUR,Saturday
58304,JNR-LJR-SBP,JUNAGARH ROAD,LANJI GARH ROAD,Saturday
58413,TLHR-PURI PA,TALCHER,PURI,Saturday
58419,BBS-PSA PASS,BHUBANESWAR,PALASA,Saturday
58423,BHC-CTC,BHADRAKH,CUTTACK JN.,Saturday
58434,BAM-CTC  FAS,BERHAMPUR,CUTTACK JN.,Saturday
58527,R-VSKP PASS,RAIPUR JN.,VISAKHAPATNAM,Saturday
58529,DURG-VSKP PA,DURG,VISAKHAPATNAM,Saturday
58536,PRDP-CTC,PARADEEP,CUTTACK JN.,Saturday
58538,VSKP-KRPU PA,VISAKHAPATNAM,KORAPUT JN.,Saturday
58603,KGP GOMO PAS,KHARAGPUR,NSC BOSE J GOMO,Saturday
58651,RNC LAD PASS,RANCHI,LOHARDAGA  BS,Saturday
58653,RNC BICI -TO,RANCHI,TORI,Saturday
58657,RNC-LAD PASS,RANCHI,LOHARDAGA  BS,Saturday
58661,TATA-HTE PAS,TATANAGAR JN,HATIA,Saturday
58718,RAJIM-KENDRI,RAJIM,KENDRI,Saturday
58721,ABHANPUR-RAJ,ABHANPUR JN.,RAJIM,Saturday
58804,G - BPQ PASS,GONDIA JN.,BALHARSHAH,Saturday
58811,RTK-NGP LOCA,RAMTEK,NAGPUR JN.(CR),Saturday
58813,RTK-ITR LOCA,RAMTEK,ITWARI JN.,Saturday
58817,TMR-TRDI LOC,TUMSAR RD,TIRODI,Saturday
58877,ITR NAB PASS,ITWARI JN.,NAGBHIR JN.,Saturday
59023,BCT BL PASS,MUMBAI CENTRAL,VALSAD,Saturday
59038,SURAT VR PAS,SURAT,VIRAR,Saturday
59076,BSL ST BCT P,BHUSAVAL JN.,SURAT,Saturday
59077,BHUSAVAL PAS,SURAT,BHUSAVAL JN.,Saturday
59078,SURAT PASSEN,BHUSAVAL JN.,SURAT,Saturday
59101,BRC KATHANA,VADODARA JN.,KATHANA,Saturday
59151,ND - MODASA,NADIAD JN.,MODASA,Saturday
59161,BHARUCH ANND,BHARUCH JN.,ANAND JN.,Saturday
59168,AKV-RAJ-AKV,RAJPIPLA,ANKLESHWAR JN.,Saturday
59225,BVC - MHV PA,BHAVNAGAR TERMINUS,MAHUVA,Saturday
59226,MHV - BVC PA,MAHUVA,BHAVNAGAR TERMINUS,Saturday
59229,DHG - BVC PA,DHRANGADHRA,BHAVNAGAR TERMINUS,Saturday
59236,MHV - DLJ PA,MAHUVA,DHOLA JN,Saturday
59297,PBR-SMNH PAS,PORBANDAR,SOMNATH,Saturday
59342,BINA NAD PAS,BINA,NAGDA JN,Saturday
59356,MTJ RATLAM P,MATHURA JN.,RATLAM JN,Saturday
59359,BXN-MTJ PASS,BAYANA,MATHURA JN.,Saturday
59442,AHMEDABAD PA,AHMEDABAD,MUMBAI CENTRAL,Saturday
59477,MSH - PTN PA,MAHESANA JN,PATAN,Saturday
59483,MSH - PTN PA,MAHESANA JN,PATAN,Saturday
59484,PTN - MSH PA,PATAN,MAHESANA JN,Saturday
59511,MSH - VG PAS,MAHESANA JN,VIRAMGAM JN,Saturday
59547,OKHA PASSENG,AHMEDABAD,OKHA,Saturday
59601,MJ AII PASS,MARWAR JN.,AJMER JN.,Saturday
59602,AII MJ PASS,AJMER JN.,MARWAR JN.,Saturday
59604,UDZ-AII PASS,UDAIPUR CITY,MADAR JN,Saturday
59605,COR-UDZ PASS,CHITTAURGARH JN,UDAIPUR CITY,Saturday
59606,UDZ-COR PASS,UDAIPUR CITY,CHITTAURGARH JN,Saturday
59710,SOG-APH PASS,SURATGARH JN.,ANUPGARH,Saturday
59836,UDZ-NMH PASS,UDAIPUR CITY,NIMACH,Saturday
63157,JSME - BDME,JASIDIH JN.,BAIDYANATHDHAM,Saturday
63163,JSME - BDME,JASIDIH JN.,BAIDYANATHDHAM,Saturday
63168,BDME - JSME,BAIDYANATHDHAM,JASIDIH JN.,Saturday
63205,KIUL-PNBE ME,KIUL JN.,PATNA JN.,Saturday
63209,JAJ-PNBE MEM,JHAJHA,PATNA JN.,Saturday
63213,PNBE-ARA MEM,PATNA JN.,ARA,Saturday
63225,PNBE-MGS MEM,PATNA JN.,MUGHAL SARAI JN.,Saturday
63237,MGS-ALD MEMU,MUGHAL SARAI JN.,ALLAHABAD JN.,Saturday
63242,GAYA-PNBE  M,GAYA JN.,PATNA JN.,Saturday
63243,PNBE-GAYA ME,PATNA JN.,GAYA JN.,Saturday
63256,GAYA-PNBE ME,GAYA JN.,PATNA JN.,Saturday
63274,MKA-BJU MEMU,MOKAMA JN.,BARAUNI JN.,Saturday
63275,BJU-MKA MEMU,BARAUNI JN.,MOKAMA JN.,Saturday
63290,DOS-GAYA MEM,DEHRI-ON-SON,GAYA JN.,Saturday
63501,HWH- BWN M/L,HOWRAH JN.,BARDDHAMAN JN.,Saturday
63506,ASN - BWN PA,ASANSOL MAIN,BARDDHAMAN JN.,Saturday
63510,ASN - BWN PA,ASANSOL MAIN,BARDDHAMAN JN.,Saturday
63545,ASN-DHN PGR.,ASANSOL MAIN,DHANBAD JN.,Saturday
63548,GAYA-KQR MEM,GAYA JN.,KODERMA,Saturday
63549,HZD-GAYA MEM,HAZARIBAGH ROAD,GAYA JN.,Saturday
63571,JSME-KIUL ME,JASIDIH JN.,MOKAMA JN.,Saturday
63581,BWN-RPH PASS,BARDDHAMAN JN.,RAMPUR HAT,Saturday
63597,RNC-ASN PASS,RANCHI,ASANSOL MAIN,Saturday
63598,ASN-RNC PASS,ASANSOL MAIN,RANCHI,Saturday
64016,SSB-PWL EMU,SHAKUR BASTI,PALWAL,Saturday
64017,PWL-SSB 12CA,PALWAL,SHAKUR BASTI,Saturday
64031,GZB-SSB 12CA,GHAZIABAD JN.,SHAKUR BASTI,Saturday
64053,PWL-GZB 12CA,PALWAL,GHAZIABAD JN.,Saturday
64076,NDLS-PWL 10C,NEW DELHI,PALWAL,Saturday
64077,PWL-NDLS EMU,PALWAL,NEW DELHI,Saturday
64084,NDLS-PWL EMU,NEW DELHI,PALWAL,Saturday
64093,NZM-NDLS 10,HAZRAT NIZAMUDDIN JN,SHAKUR BASTI,Saturday
64097,NDLS-SSB 10,NEW DELHI,SHAKUR BASTI,Saturday
64152,DLI-ALJN MEM,DELHI JN.,ALIGARH JN.,Saturday
64153,CNB-ETW MEMU,KANPUR CENTRAL JN.,ETAWAH,Saturday
64155,ETW-TDL MEMU,ETAWAH,TUNDLA JN,Saturday
64156,ETW-CNB MEMU,ETAWAH,KANPUR CENTRAL JN.,Saturday
64161,PHD-SKB MEMU,PHAPHUND,SHIKOHABAD JN.,Saturday
64162,PHD-CNB MEMU,PHAPHUND,KANPUR CENTRAL JN.,Saturday
64165,TDL-ALJN MEM,TUNDLA JN,ALIGARH JN.,Saturday
64203,LKO-CNB MEMU,LUCKNOW JN.,KANPUR CENTRAL JN.,Saturday
64204,CNB-LKO MEMU,KANPUR CENTRAL JN.,LUCKNOW JN.,Saturday
64210,CNB-LKO MEMU,KANPUR CENTRAL JN.,LUCKNOW JN.,Saturday
64211,LKO-CNB MEMU,LUCKNOW JN.,KANPUR CENTRAL JN.,Saturday
64235,BBK-CNB MEMU,BARA BANKI JN.,KANPUR CENTRAL JN.,Saturday
64409,GZB-NDLS 10C,GHAZIABAD JN.,NEW DELHI,Saturday
64418,DLI-GZB MEMU,DELHI JN.,GHAZIABAD JN.,Saturday
64423,GZB-NDLS EMU,GHAZIABAD JN.,NEW DELHI,Saturday
64441,GZB-DLI 12CA,GHAZIABAD JN.,NEW DELHI,Saturday
64453,DLI-PNP 12CA,DELHI JN.,PANIPAT JN.,Saturday
64493,PWL-NZM 10CA,PALWAL,HAZRAT NIZAMUDDIN JN,Saturday
64494,NZM-PWL MEMU,HAZRAT NIZAMUDDIN JN,PALWAL,Saturday
64514,NLDM-UMB PAS,NANGAL DAM,AMBALA CANTT JN,Saturday
64516,NLDM-UMB PAS,NANGAL DAM,AMBALA CANTT JN,Saturday
64518,NLDM-UMB PAS,NANGAL DAM,AMBALA CANTT JN,Saturday
64521,UMB-LDH PASS,AMBALA CANTT JN,LUDHIANA JN.,Saturday
64523,UMB-LDH MEMU,AMBALA CANTT JN,LUDHIANA JN.,Saturday
64531,DLI-PNP PASS,DELHI JN.,PANIPAT JN.,Saturday
64541,PNP-UMB PAS,PANIPAT JN.,AMBALA CANTT JN,Saturday
64552,ASR-LDH MEMU,AMRITSAR JN.,LUDHIANA JN.,Saturday
64553,MB-ANVT MEMU,MORADABAD JN.,ANAND VIHAR TERMINAL,Saturday
64567,BSC-TKJ PASS,BULANDSHAHR,TILAK BRIDGE,Saturday
64569,KSV-NZM PASS,KOSI KALAN,HAZRAT NIZAMUDDIN JN,Saturday
64908,SSB-BVH-PWL,SHAKUR BASTI,BALLABGARH,Saturday
64911,NDLS-ROK MEM,NEW DELHI,ROHTAK JN.,Saturday
64915,DLI-ROK MEMU,DELHI JN.,ROHTAK JN.,Saturday
64931,DLI-ROK MEMU,DELHI JN.,ROHTAK JN.,Saturday
66004,AVD-MMC PASS,AVADI,MOOR MARKET,Saturday
66016,AJJ-MSB PASS,ARAKKONAM JN,CHENNAI BEACH,Saturday
66021,MMC-AJJ MEMU,MOOR MARKET,ARAKKONAM JN,Saturday
66022,AJJ-MMCC MEM,ARAKKONAM JN,MOOR MARKET,Saturday
66026,SPE-MMC PASS,SULLURUPETTA,MOOR MARKET,Saturday
66031,SPE-NLR PASS,SULLURUPETTA,NELLORE,Saturday
66033,TPTY-NLR PAS,TIRUPATI,NELLORE,Saturday
66038,SPE-MMC MEMU,NELLORE,SULLURUPETTA,Saturday
66047,MMC-TPTY MEM,MOOR MARKET,TIRUPATI,Saturday
66049,AJJ-TPTY MEM,ARAKKONAM JN,TIRUPATI,Saturday
66514,MKM-BYPL MEM,MARIKUPPAM,BAIYYAPPANAHALLI,Saturday
66520,SBC-MKM PASS,KRANTIVIRA SANGOLLI RAYANNA (BENGALURU STATION),MARIKUPPAM,Saturday
66524,HUP-SBC PASS,HINDUPUR,KRANTIVIRA SANGOLLI RAYANNA (BENGALURU STATION),Saturday
66535,SBC-RMGM MEM,KRANTIVIRA SANGOLLI RAYANNA (BENGALURU STATION),RAMANAGARAM,Saturday
66536,RMGM - SBC M,RAMANAGARAM,KRANTIVIRA SANGOLLI RAYANNA (BENGALURU STATION),Saturday
67258,PUSHPULL,TENALI JN.,GUNTUR JN.,Saturday
67259,PUSHPULL,GUNTUR JN.,VIJAYWADA JN.,Saturday
67280,OGL-GDR MEMU,ONGOLE,GUDUR JN.,Saturday
67291,VZM-VSKP MEM,VIZIANAGARAM JN.,VISAKHAPATNAM,Saturday
67292,VSKP-VZM MEM,VISAKHAPATNAM,VIZIANAGARAM JN.,Saturday
68001,SRC-JGM MEMU,SANTRAGACHI JN.,JHARGRAM,Saturday
68006,TATA KGP PAS,TATANAGAR JN,KHARAGPUR,Saturday
68015,KGP TATA LOC,KHARAGPUR,TATANAGAR JN,Saturday
68054,PRR ADRA LOC,BARABHUM,ADRA,Saturday
68073,BJE VAA PASS,BHOJUDIH JN.,BHAGA JN,Saturday
68075,ADRA BJE LOC,ADRA,BHOJUDIH JN.,Saturday
68644,HIJ-KGP LOCA,HIJLI,KHARAGPUR,Saturday
68646,HIJ-KGP LOCA,HIJLI,KHARAGPUR,Saturday
68685,MCA DGHA LOC,MECHEDA,DIGHA FS,Saturday
68690,DGHA-MCA LOC,DIGHA FS,MECHEDA,Saturday
68702,DURG-R MEMU,DURG,RAIPUR JN.,Saturday
68708,DURG-R MEMU,DURG,RAIPUR JN.,Saturday
68710,DGG-R MEMU L,DONGAR GARH,RAIPUR JN.,Saturday
68711,DGG-G MEMU L,DONGAR GARH,GONDIA JN.,Saturday
68713,G-ITR MEMU L,GONDIA JN.,ITWARI JN.,Saturday
68732,BSP-GAD MEMU,BILASPUR JN.,GEVRA-ROAD,Saturday
68735,RIG-BSP MEMU,RAIGARH,BILASPUR JN.,Saturday
68737,RIG-BSP MEMU,RAIGARH,BILASPUR JN.,Saturday
68739,PND-BSP MEMU,PENDRA ROAD,BILASPUR JN.,Saturday
69108,ADI-BRC MEMU,AHMEDABAD,VADODARA JN.,Saturday
69114,ADI-BRC MEMU,AHMEDABAD,VADODARA JN.,Saturday
69136,DK -ANND,DAKOR,ANAND JN.,Saturday
69140,SURAT VR,SURAT,VIRAR,Saturday
69142,ST-SJN MEMU,SURAT,SANJAN,Saturday
69144,SJN-UBR MEMU,SANJAN,VIRAR,Saturday
69167,PNVL - BSR M,PANVEL,VASAI ROAD,Saturday
70104,KAWR-MAO-PER,KAWR,PERNEM,Saturday
70106,MAQ-MAO DEMU,MANGALORE CENTRAL,MADGOAN JN.,Saturday
71092,ROHA-DIVA PA,ROHA,DIVA JN,Saturday
71403,PUNE-DD DEMU,PUNE JN.,DAUND JN.,Saturday
71413,PUNE SUR DEM,PUNE JN.,SOLAPUR,Saturday
71902,BTE-IDH DMU,BHARATPUR JN,IDGAH,Saturday
71910,ETW-AGC DEMU,ETAWAH,AGRA CANTT,Saturday
72203,IAA-DIT RAIL,INDARA JN.,DOHRIGHAT,Saturday
72205,IAA-DIT RIAL,INDARA JN.,DOHRIGHAT,Saturday
73033,NHT-AZ PASS,AZIMGANJ JN.,NALHATI JN.,Saturday
73037,AZ-NILE DMU,AZIMGANJ JN.,NIMTITA,Saturday
73151,SDAH-JRLE DE,SEALDAH,JANGIPUR ROAD,Saturday
73263,IPR-PNBE DEM,ISLAMPUR,PATNA JN.,Saturday
73462,JMP-KGG DEMU,JAMALPUR JN.,KHAGARIA JN.,Saturday
73538,JSME-UDL PAS,JASIDIH JN.,ANDAL JN.,Saturday
73903,JMP KJH SRAM,JAMALPUR JN.,DHANAURI,Saturday
73905,JMP-UREN SRA,JAMALPUR JN.,DHANAURI,Saturday
73911,SGG-JMP PGR.,SULTANGANJ,JAMALPUR JN.,Saturday
74003,DLI-RE DMU,DELHI JN.,REWARI JN.,Saturday
74004,RE-DLI DMU,REWARI JN.,DELHI JN.,Saturday
74011,DLI-ROK DMU,DELHI JN.,ROHTAK JN.,Saturday
74034,FN-GHH DMU,FARUKHNAGAR,GARHI HARSARU JN.,Saturday
74303,SHTS-MB DMU,SAMBAHAL HATIM SARAI,MORADABAD JN.,Saturday
74602,TTO-BEAS,TARN TARAN,BEAS JN,Saturday
74604,TTO-BEAS DMU,TARN TARAN,BEAS JN,Saturday
74617,BDGM-BRML DM,BUDGAM,BARAMULLA,Saturday
74620,BRML-BAHL DM,BARAMULLA,BANIHAL,Saturday
74624,BRML-BDGM DM,BARAMULLA,BUDGAM,Saturday
74626,BRML-BAHL DM,BARAMULLA,BANIHAL,Saturday
74631,BAHL-BDGM DM,BANIHAL,BUDGAM,Saturday
74632,BDGM-BAHL DM,BUDGAM,BANIHAL,Saturday
74639,BAHL- BDGM D,BANIHAL,BUDGAM,Saturday
74646,JUC-UMB PASS,JALANDHAR CITY JN.,AMBALA CANTT JN,Saturday
74648,JUC-NRO-LDH,JALANDHAR CITY JN.,LUDHIANA JN.,Saturday
74653,DBNK-ASR DMU,VERKA JN.,DERABABA NANAK,Saturday
74656,DBNK-ASR DMU,DERABABA NANAK,VERKA JN.,Saturday
74661,ATT-ASR DMU,AMRITSAR JN.,ATARI JN,Saturday
74662,ATT-ASR DMU,ATARI JN,AMRITSAR JN.,Saturday
74673,PTK-ASR DMU,VERKA JN.,PATHANKOT JN.,Saturday
74808,MTD-MEC RAIL,MERTA ROAD JN.,MERTA CITY,Saturday
74812,MTD-MEC RAIL,MERTA ROAD JN.,MERTA CITY,Saturday
74832,CUR BKN PASS,CHURU,BIKANER JN.,Saturday
74834,HSR BKN PASS,HISAR JN,BIKANER JN.,Saturday
74836,HSR JU PASS,HISAR JN,JODHPUR JN.,Saturday
74839,JU BME PASS,JODHPUR JN.,BARMER,Saturday
74842,BLDI JU PASS,BHILDI JN,JODHPUR JN.,Saturday
74846,HSR SDLP RE,HISAR JN,REWARI JN.,Saturday
74856,RTGH - BKN P,RATANAGARH JN,BIKANER JN.,Saturday
74909,PTK-JAT-UHP-,PATHANKOT JN.,UDHAMPUR,Saturday
74911,HSX-JUC DMU,HOSHIARPUR,JALANDHAR CITY JN.,Saturday
74978,FZR-FKA DMU,FAZILKA JN.,FIROZPUR CANTT JN.,Saturday
74981,KKP-FKA DMU,KOT KAPURA JN,FAZILKA JN.,Saturday
74986,FKA-BTI-DMU,FAZILKA JN.,BATHINDA JN,Saturday
74991,UMB-CHDL PAS,AMBALA CANTT JN,AMB  ANDAURA,Saturday
75015,GKP-NTV PASS,GORAKHPUR JN.,NAUTANWA,Saturday
75109,MAU-BCY- DMU,MAU JN.,VARANASI CITY,Saturday
75114,BCY-BTT DMU,VARANASI CITY,BHATNI JN.,Saturday
75207,SPJ-MFP DEMU,SAMASTIPUR JN.,MUZAFFARPUR JN.,Saturday
75208,MFP - SPJ DE,MUZAFFARPUR JN.,SAMASTIPUR JN.,Saturday
75212,SEE - SPJ DE,SONPUR JN.,SAMASTIPUR JN.,Saturday
75230,RXL-SPJ DEMU,RAXAUL JN.,SAMASTIPUR JN.,Saturday
75232,RXL-SGL-MFP,RAXAUL JN.,MUZAFFARPUR JN.,Saturday
75237,MFP-NKE DEMU,MUZAFFARPUR JN.,NARKATIAGANJ JN.,Saturday
75238,NKE-MFP DEMU,NARKATIAGANJ JN.,MUZAFFARPUR JN.,Saturday
75280,BIRL - DBG D,BIRAUL,DARBHANGA JN.,Saturday
75730,SHTT - GHY D,SILGHAT TOWN,GUWAHATI,Saturday
75733,TNPR - KIR D,TEZNARAYANPUR,KATIHAR JN.,Saturday
75737,TNPR - KIR D,TEZNARAYANPUR,KATIHAR JN.,Saturday
75749,KIR - TETA D,KATIHAR JN.,TELTA,Saturday
75906,DBRT - LEDO,DIBRUGARH TOWN,LEDO,Saturday
76502,KQZ - BNC PA,KOLAR,BANGARPET JN.,Saturday
76505,BNC-KQZ PASS,BANGALORE CANTT.,KOLAR,Saturday
76507,BNC-BWT DEMU,BANGALORE CANTT.,BANGARPET JN.,Saturday
76807,TPJ-MNM PASS,TIRUCHIRAPPALLI JN.,MANAMADURAI,Saturday
76818,VLKN-KIK PAS,VELANKANNI,KARAIKAL,Saturday
76824,TPJ TJ DEMU,TIRUCHIRAPPALLI JN.,THANJAVUR JN.,Saturday
76830,KKDI-TPJ DMU,KARAIKKUDI,TIRUCHIRAPPALLI JN.,Saturday
76833,TPJ KRR PASS,TIRUCHIRAPPALLI JN.,KARUR JN.,Saturday
76846,TPJ-VRI PASS,TIRUCHIRAPPALLI JN.,VRIDHA CHALAM JN.,Saturday
77205,PASS,NARASAPUR,BHIMAVARAM TOWN,Saturday
77229,PASS,REPALLE,GUNTUR JN.,Saturday
77231,PASS,VIJAYWADA JN.,BHIMAVARAM JN.,Saturday
77233,PASS,BHIMAVARAM JN.,NARASAPUR,Saturday
77242,PASS,RAJAHMUNDRY,BHIMAVARAM JN.,Saturday
77245,TEL PASS,GUNTUR JN.,TENALI JN.,Saturday
77250,PASS,GUNTUR JN.,TENALI JN.,Saturday
77251,PASS,PEDDAPALLI,MAHBUBABAD,Saturday
77283,GNT-BZA,GUNTUR JN.,VIJAYWADA JN.,Saturday
77289,GNT-BZA,GUNTUR JN.,VIJAYWADA JN.,Saturday
77293,RJY PASS,BHIMAVARAM JN.,RAJAHMUNDRY,Saturday
77405,HX-PDMI,CUDDAPAH,PENDLIMARRI,Saturday
77416,BAY PASS,GUNTAKAL JN.,BELLARY JN.,Saturday
77418,HUP PASS,GUNTAKAL JN.,HINDUPUR,Saturday
77603,SC-MOB DEMU,SECUNDERABAD JN.,MANOHARABAD,Saturday
77607,SC-MED DEMU,SECUNDERABAD JN.,MEDCHAL,Saturday
77643,UR-FM DEMU,UMDANAGAR,FALAKNUMA,Saturday
77647,UR-FM DEMU,UMDANAGAR,FALAKNUMA,Saturday
77655,BIDAR-GR DEM,BIDAR,GULBARGA,Saturday
77657,J-SNSI,JALNA,SAI NAGAR SHIRDI,Saturday
77658,SNSI-J,SAI NAGAR SHIRDI,JALNA,Saturday
77671,KCG-MBNR DEM,KACHEGUDA,MAHBUBNAGAR,Saturday
77674,KCG-MRGA DEM,KACHEGUDA,MIRYALAGUDA,Saturday
77679,FM-MED DEMU,FALAKNUMA,MEDCHAL,Saturday
77694,RC-KCG DEMU,RAICHUR,KACHEGUDA,Saturday
78014,BGY- BPO PAS,BANGRIPOSI,BARIPADA PH,Saturday
78015,BPO-BGY PASS,BARIPADA PH,BANGRIPOSI,Saturday
78017,BLS-ROP-BPO,BALASORE,BARIPADA PH,Saturday
78056,BQA - MSAE L,BANKURA,GRAM MASAGRAM,Saturday
78104,SBP-ROU PASS,SAMBALPUR JN.,ROURKELA,Saturday
78518,SALR-VBL RAI,SALUR,BOBBILI JN.,Saturday
78534,VZM-PSA PASS,VIZIANAGARAM JN.,PALASA,Saturday
78801,GONDIA-KATAN,GONDIA JN.,KATANGI,Saturday
78804,KATANGI- GON,KATANGI,GONDIA JN.,Saturday
78809,GONDIA- KATA,GONDIA JN.,KATANGI,Saturday
78810,KATANGI- GON,KATANGI,GONDIA JN.,Saturday
78811,TMR-TRDI DEM,TUMSAR RD,TIRODI,Saturday
78817,DURG-DRZ DEM,DURG,DALLI-RAJHARA,Saturday
78822,KATANGI-GOND,KATANGI,GONDIA JN.,Saturday
78825,DRZ-DURG DMU,DALLI-RAJHARA,DURG,Saturday
78826,DRZ-DURG,DALLI-RAJHARA,DURG,Saturday
79303,RTM -COR- RT,RATLAM JN,CHITTAURGARH JN,Saturday
79306,RTM DADN  DE,RATLAM JN,MHOW,Saturday
79311,DADN INDB DM,MHOW,INDORE BG,Saturday
79313,DADN RTM DMU,MHOW,RATLAM JN,Saturday
79426,CBY-ANND DMU,KHAMBHAT,ANAND JN.,Saturday
79427,ANND-CBY DMU,ANAND JN.,KHAMBHAT,Saturday
79431,ADI-MSH DMU,AHMEDABAD,MAHESANA JN,Saturday
79441,WKR-MVI,WANKANER,MORVI,Saturday
79446,MVI - WKR,MORVI,WANKANER,Saturday
79456,CTD - BRC DE,CHHOTA UDEPUR,VADODARA JN.,Saturday
79459,SUNR - DHG D,SURENDRANAGAR,DHRANGADHRA,Saturday
79485,RB 79485,VIJAPUR,AMBLIYASAN JN.,Saturday
79488,RB 79488,AMBLIYASAN JN.,VIJAPUR,Saturday
82635,MAS-QLN SUVI,CHENNAI CENTRAL,QUILON,Saturday
91396,WAD6,RAVLI JN,CST-MUMBAI,Saturday
93004,DRD-CCG,DAHANU ROAD,VIRAR,Saturday
93015,CCG-DRD,CHURCHGATE,DAHANU ROAD,Saturday
93023,VR DRD EMU,VIRAR,DAHANU ROAD,Saturday
93104,DRD-VR,DAHANU ROAD,VIRAR,Saturday
95003,KP5,KALYAN JN,PALASDARI,Saturday
95011,KP13,KALYAN JN,PALASDARI,Saturday
95103,S9,KALYAN JN,KARJAT,Saturday
95126,S32,KARJAT,KALYAN JN,Saturday
95131,S37,KALYAN JN,KARJAT,Saturday
95134,S40,KARJAT,KALYAN JN,Saturday
95201,BL1,KALYAN JN,BADLAPUR,Saturday
95207,BL7,KALYAN JN,BADLAPUR,Saturday
95214,DBL2,BADLAPUR,KALYAN JN,Saturday
95220,BL34,BADLAPUR,KALYAN JN,Saturday
95226,BL40,BADLAPUR,KALYAN JN,Saturday
95235,BL35,KALYAN JN,BADLAPUR,Saturday
95241,BL51,KALYAN JN,BADLAPUR,Saturday
95305,A13,KALYAN JN,AMBERNATH,Saturday
95307,A15,KALYAN JN,AMBERNATH,Saturday
95310,A20,AMBERNATH,KALYAN JN,Saturday
95327,A55,KALYAN JN,AMBERNATH,Saturday
95408,N12,KASARA,KALYAN JN,Saturday
95421,N27,KALYAN JN,KASARA,Saturday
95422,N26,KASARA,KALYAN JN,Saturday
95501,AN5,KALYAN JN,ASANGAON,Saturday
95503,AN9,KALYAN JN,ASANGAON,Saturday
95510,AN20,ASANGAON,KALYAN JN,Saturday
95512,AN22,ASANGAON,KALYAN JN,Saturday
95608,TL46,TITVALA,KALYAN JN,Saturday
95609,TL19,KALYAN JN,TITVALA,Saturday
95612,TL50,TITVALA,KALYAN JN,Saturday
95619,TL53,KALYAN JN,TITVALA,Saturday
95708,K20,KALYAN JN,CST-MUMBAI,Saturday
95710,K28,KALYAN JN,CST-MUMBAI,Saturday
95714,K32,KALYAN JN,CST-MUMBAI,Saturday
95717,K53,CST-MUMBAI,KALYAN JN,Saturday
95734,DK22,KALYAN JN,DADAR,Saturday
95735,DK27,DADAR,KALYAN JN,Saturday
95744,K128,KALYAN JN,CST-MUMBAI,Saturday
95804,DL26,DOMBIVLI,CST-MUMBAI,Saturday
95805,DL49,CST-MUMBAI,DOMBIVLI,Saturday
96009,SKP7,KARJAT,PALASDARI,Saturday
96015,SKP13,KARJAT,PALASDARI,Saturday
96101,S1,KALYAN JN,KARJAT,Saturday
96108,TS2,KARJAT,KALYAN JN,Saturday
96201,CBL1,KALYAN JN,BADLAPUR,Saturday
96203,TBL1,KALYAN JN,BADLAPUR,Saturday
96206,BL6,BADLAPUR,KALYAN JN,Saturday
96211,TBL7,KALYAN JN,BADLAPUR,Saturday
96224,BL52,BADLAPUR,KALYAN JN,Saturday
96232,CBL2,BADLAPUR,KALYAN JN,Saturday
96236,BL60,BADLAPUR,CST-MUMBAI,Saturday
96315,A29,KALYAN JN,AMBERNATH,Saturday
96319,A33,KALYAN JN,AMBERNATH,Saturday
96322,A40,AMBERNATH,KALYAN JN,Saturday
96336,A72,AMBERNATH,CST-MUMBAI,Saturday
96341,A63,KALYAN JN,AMBERNATH,Saturday
96401,N1,KALYAN JN,KASARA,Saturday
96409,N31,KALYAN JN,KASARA,Saturday
96504,AN4,ASANGAON,KALYAN JN,Saturday
96513,AN7,KALYAN JN,ASANGAON,Saturday
96611,TL5,KALYAN JN,TITVALA,Saturday
96618,TL18,TITVALA,KALYAN JN,Saturday
96622,TL24,TITVALA,KALYAN JN,Saturday
96629,TL31,KALYAN JN,TITVALA,Saturday
96641,TL47,KALYAN JN,TITVALA,Saturday
96651,TL63,KALYAN JN,TITVALA,Saturday
96653,TL65,KALYAN JN,TITVALA,Saturday
97005,CK5,VIDYAVIHAR,KALYAN JN,Saturday
97012,DK2,KALYAN JN,DADAR,Saturday
97028,DK8,KALYAN JN,DADAR,Saturday
97031,K25,CST-MUMBAI,KALYAN JN,Saturday
97040,K50,KALYAN JN,CST-MUMBAI,Saturday
97049,K39,CST-MUMBAI,KALYAN JN,Saturday
97052,K58,KALYAN JN,CST-MUMBAI,Saturday
97057,K47,CST-MUMBAI,KALYAN JN,Saturday
97072,DK14,KALYAN JN,DADAR,Saturday
97079,K65,CST-MUMBAI,KALYAN JN,Saturday
97090,K90,KALYAN JN,CST-MUMBAI,Saturday
97098,DK18,KALYAN JN,DADAR,Saturday
97103,K85,CST-MUMBAI,KALYAN JN,Saturday
97111,K91,CST-MUMBAI,KALYAN JN,Saturday
97117,K97,CST-MUMBAI,KALYAN JN,Saturday
97124,K122,KALYAN JN,CST-MUMBAI,Saturday
97130,TK12,KALYAN JN,THANE,Saturday
97132,DK30,KALYAN JN,DADAR,Saturday
97133,K113,CST-MUMBAI,KALYAN JN,Saturday
97144,K132,KALYAN JN,CST-MUMBAI,Saturday
97146,K134,KALYAN JN,CST-MUMBAI,Saturday
97147,K123,CST-MUMBAI,KALYAN JN,Saturday
97149,K125,CST-MUMBAI,KALYAN JN,Saturday
97201,DL1,CST-MUMBAI,DOMBIVLI,Saturday
97218,DL18,DOMBIVLI,CST-MUMBAI,Saturday
97220,DL20,DOMBIVLI,CST-MUMBAI,Saturday
97224,DL24,DOMBIVLI,CST-MUMBAI,Saturday
97236,DL34,DOMBIVLI,CST-MUMBAI,Saturday
97247,DDL5,DADAR,DOMBIVLI,Saturday
97253,DL49,CST-MUMBAI,DOMBIVLI,Saturday
97260,DDL8,DOMBIVLI,DADAR,Saturday
97304,T4,THANE,CST-MUMBAI,Saturday
97315,T15,CST-MUMBAI,THANE,Saturday
97321,T23,CST-MUMBAI,THANE,Saturday
97329,T35,CST-MUMBAI,THANE,Saturday
97335,T41,CST-MUMBAI,THANE,Saturday
97353,T61,CST-MUMBAI,THANE,Saturday
97363,T 71,CST-MUMBAI,THANE,Saturday
97374,T 86,THANE,CST-MUMBAI,Saturday
97380,T92,THANE,CST-MUMBAI,Saturday
97382,T94,THANE,CST-MUMBAI,Saturday
97387,T93,CST-MUMBAI,THANE,Saturday
97388,T98,THANE,CST-MUMBAI,Saturday
97394,T104,THANE,CST-MUMBAI,Saturday
97405,T113,CST-MUMBAI,THANE,Saturday
97406,DT4,THANE,DADAR,Saturday
97436,T136,THANE,CST-MUMBAI,Saturday
97437,T143,CST-MUMBAI,THANE,Saturday
97438,T138,THANE,CST-MUMBAI,Saturday
97440,T140,THANE,CST-MUMBAI,Saturday
97503,G3,CST-MUMBAI,GHAT KOPAR,Saturday
97611,C11,CST-MUMBAI,KURLA,Saturday
97616,C16,KURLA,CST-MUMBAI,Saturday
97617,C17,CST-MUMBAI,KURLA,Saturday
97627,C27,CST-MUMBAI,KURLA,Saturday
98000,PL2,PANVEL,CST-MUMBAI,Saturday
98001,PL1,CST-MUMBAI,PANVEL,Saturday
98003,PL3,CST-MUMBAI,PANVEL,Saturday
98009,PL9,CST-MUMBAI,PANVEL,Saturday
98023,PL19,CST-MUMBAI,PANVEL,Saturday
98027,PL23,CST-MUMBAI,PANVEL,Saturday
98033,PL27,CST-MUMBAI,PANVEL,Saturday
98054,PL48,PANVEL,CST-MUMBAI,Saturday
98057,PL 49,CST-MUMBAI,PANVEL,Saturday
98061,PL53,CST-MUMBAI,PANVEL,Saturday
98079,PL71,CST-MUMBAI,PANVEL,Saturday
98084,PL78,PANVEL,CST-MUMBAI,Saturday
98087,PL 77,CST-MUMBAI,PANVEL,Saturday
98096,PL90,PANVEL,CST-MUMBAI,Saturday
98114,PL108,PANVEL,CST-MUMBAI,Saturday
98116,PL110,PANVEL,CST-MUMBAI,Saturday
98118,PL112,PANVEL,CST-MUMBAI,Saturday
98120,PL114,PANVEL,CST-MUMBAI,Saturday
98125,PL113,CST-MUMBAI,PANVEL,Saturday
98128,PL122,PANVEL,CST-MUMBAI,Saturday
98157,PL139,CST-MUMBAI,PANVEL,Saturday
98179,PL155,CST-MUMBAI,PANVEL,Saturday
98182,PL170,PANVEL,CST-MUMBAI,Saturday
98184,PL172,PANVEL,CST-MUMBAI,Saturday
98196,BRPL4,PANVEL,BELAPUR C.B.D,Saturday
98199,PL 171,CST-MUMBAI,PANVEL,Saturday
98200,VPL4,PANVEL,VASHI,Saturday
98202,PL186,PANVEL,CST-MUMBAI,Saturday
98312,BR14,BELAPUR C.B.D,CST-MUMBAI,Saturday
98314,BR16,BELAPUR C.B.D,CST-MUMBAI,Saturday
98338,BRVD4,BELAPUR C.B.D,MUMBAI VADALA ROAD,Saturday
98340,BRVD6,BELAPUR C.B.D,MUMBAI VADALA ROAD,Saturday
98347,BR 41,CST-MUMBAI,BELAPUR C.B.D,Saturday
98351,BR 45,CST-MUMBAI,BELAPUR C.B.D,Saturday
98352,BR48,BELAPUR C.B.D,CST-MUMBAI,Saturday
98356,BR52,BELAPUR C.B.D,CST-MUMBAI,Saturday
98357,BR49,CST-MUMBAI,BELAPUR C.B.D,Saturday
98366,BR60,BELAPUR C.B.D,CST-MUMBAI,Saturday
98368,BR62,BELAPUR C.B.D,CST-MUMBAI,Saturday
98381,BR 71,CST-MUMBAI,BELAPUR C.B.D,Saturday
98384,BRVD10,BELAPUR C.B.D,MUMBAI VADALA ROAD,Saturday
98502,V4,VASHI,CST-MUMBAI,Saturday
98503,V 3,CST-MUMBAI,VASHI,Saturday
98507,VVD1,MUMBAI VADALA ROAD,VASHI,Saturday
98513,V11,CST-MUMBAI,VASHI,Saturday
98521,V19,CST-MUMBAI,VASHI,Saturday
98527,VVD3,MUMBAI VADALA ROAD,VASHI,Saturday
98532,V32,VASHI,CST-MUMBAI,Saturday
98539,V35,CST-MUMBAI,VASHI,Saturday
98558,VVD8,VASHI,MUMBAI VADALA ROAD,Saturday
98568,V54,VASHI,CST-MUMBAI,Saturday
98569,V 65,CST-MUMBAI,VASHI,Saturday
98571,V67,CST-MUMBAI,VASHI,Saturday
98603,M 3,CST-MUMBAI,MANKHURD,Saturday
98702,AD4,RAVLI JN,CST-MUMBAI,Saturday
98707,AD7,CST-MUMBAI,RAVLI JN,Saturday
98708,AD10,RAVLI JN,CST-MUMBAI,Saturday
98719,AD 19,CST-MUMBAI,RAVLI JN,Saturday
98720,AD22,RAVLI JN,CST-MUMBAI,Saturday
98724,AD26,RAVLI JN,CST-MUMBAI,Saturday
98731,AD 31,CST-MUMBAI,RAVLI JN,Saturday
98733,AD 33,CST-MUMBAI,RAVLI JN,Saturday
98741,AD 41,CST-MUMBAI,RAVLI JN,Saturday
98745,AD 45,CST-MUMBAI,RAVLI JN,Saturday
98746,AD48,RAVLI JN,CST-MUMBAI,Saturday
98763,AD 63,CST-MUMBAI,RAVLI JN,Saturday
98773,AD 73,CST-MUMBAI,RAVLI JN,Saturday
98801,B1,CST-MUMBAI,RAVLI JN,Saturday
98805,B5,CST-MUMBAI,RAVLI JN,Saturday
98813,B13,CST-MUMBAI,RAVLI JN,Saturday
98816,B18,RAVLI JN,CST-MUMBAI,Saturday
98819,B19,CST-MUMBAI,RAVLI JN,Saturday
98825,B25,CST-MUMBAI,RAVLI JN,Saturday
98827,B27,CST-MUMBAI,RAVLI JN,Saturday
98832,B34,RAVLI JN,CST-MUMBAI,Saturday
98833,B 33,CST-MUMBAI,RAVLI JN,Saturday
98845,B 45,CST-MUMBAI,RAVLI JN,Saturday
98857,B 57,CST-MUMBAI,RAVLI JN,Saturday
98861,B61,CST-MUMBAI,RAVLI JN,Saturday
98866,B68,RAVLI JN,CST-MUMBAI,Saturday
98867,BA 67,CST-MUMBAI,RAVLI JN,Saturday
98874,B76,RAVLI JN,CST-MUMBAI,Saturday
98875,B 75,CST-MUMBAI,RAVLI JN,Saturday
98877,B 77,CST-MUMBAI,RAVLI JN,Saturday
98878,B80,RAVLI JN,CST-MUMBAI,Saturday
98880,B82,RAVLI JN,CST-MUMBAI,Saturday
98901,PLAD1,PANVEL,MUMBAI VADALA ROAD,Saturday
98912,ADPL14,RAVLI JN,PANVEL,Saturday
98916,AD PL 18,RAVLI JN,PANVEL,Saturday
99001,TPL1,THANE,PANVEL,Saturday
99002,TPL4,PANVEL,THANE,Saturday
99007,TPL 7,THANE,PANVEL,Saturday
99008,TPL10,PANVEL,THANE,Saturday
99026,TPL28,PANVEL,THANE,Saturday
99030,TPL32,PANVEL,THANE,Saturday
99038,TPL40,PANVEL,THANE,Saturday
99042,TPL44,PANVEL,THANE,Saturday
99103,TBR 3,THANE,BELAPUR C.B.D,Saturday
99209,TNU 9,THANE,NERUL,Saturday
99215,TNU 15,THANE,NERUL,Saturday
99228,TNU30,NERUL,THANE,Saturday
99230,TNU32,NERUL,THANE,Saturday
99234,TNU36,NERUL,THANE,Saturday
99237,TNU 37,THANE,NERUL,Saturday
99243,TNU 43,THANE,NERUL,Saturday
99248,TNU50,NERUL,THANE,Saturday
99400,TV2,VASHI,THANE,Saturday
99403,TV 3,THANE,VASHI,Saturday
99406,TV8,VASHI,THANE,Saturday
99413,TV 13,THANE,VASHI,Saturday
99420,TV22,VASHI,THANE,Saturday
99422,TV24,VASHI,THANE,Saturday
99431,TV 31,THANE,VASHI,Saturday
99435,TV 35,THANE,VASHI,Saturday
99446,TV48,VASHI,THANE,Saturday
99447,TV 47,THANE,VASHI,Saturday
99458,TV60,VASHI,THANE,Saturday
99462,TV64,VASHI,THANE,Saturday
99472,TV74,VASHI,THANE,Saturday
99479,TV 79,THANE,VASHI,Saturday
99481,TV 81,THANE,VASHI,Saturday
99500,TV102,VASHI,THANE,Saturday
99501,TV 101,THANE,VASHI,Saturday
99806,PUNE-LNL EMU,PUNE JN.,LONAVLA,Saturday
99816,PUNE-LNL EMU,PUNE JN.,LONAVLA,Saturday
99818,PUNE-LNL,PUNE JN.,LONAVLA,Saturday
99826,PUNE-LNL EMU,PUNE JN.,LONAVLA,Saturday
99832,PUNE-LNL EMU,SHIVAJINAGAR,LONAVLA,Saturday
99836,PUNE-TGN EMU,PUNE JN.,LONAVLA,Saturday
